LOC_BLANK,BRANCH_COUNT,CALL_PAIRS,LOC_CODE_AND_COMMENT,LOC_COMMENTS,CONDITION_COUNT,CYCLOMATIC_COMPLEXITY,CYCLOMATIC_DENSITY,DECISION_COUNT,DECISION_DENSITY,DESIGN_COMPLEXITY,DESIGN_DENSITY,EDGE_COUNT,ESSENTIAL_COMPLEXITY,ESSENTIAL_DENSITY,LOC_EXECUTABLE,PARAMETER_COUNT,HALSTEAD_CONTENT,HALSTEAD_DIFFICULTY,HALSTEAD_EFFORT,HALSTEAD_ERROR_EST,HALSTEAD_LENGTH,HALSTEAD_LEVEL,HALSTEAD_PROG_TIME,HALSTEAD_VOLUME,MAINTENANCE_SEVERITY,MODIFIED_CONDITION_COUNT,MULTIPLE_CONDITION_COUNT,NODE_COUNT,NORMALIZED_CYLOMATIC_COMPLEXITY,NUM_OPERANDS,NUM_OPERATORS,NUM_UNIQUE_OPERANDS,NUM_UNIQUE_OPERATORS,NUMBER_OF_LINES,PERCENT_COMMENTS,LOC_TOTAL,Defective
6.0,9.0,2.0,1.0,.0,16.0,5.0,.2,8.0,2.0,3.0,.6,17.0,1.0,.0,24.0,3.0,32.5,9.5,2936.8,.1,63.0,.1,163.2,309.1,.2,4.0,8.0,14.0,.2,19.0,44.0,15.0,15.0,32.0,4.0,25.0,N
15.0,7.0,3.0,1.0,19.0,12.0,4.0,.1,6.0,2.0,2.0,.5,17.0,1.0,.0,31.0,1.0,38.6,21.5,17846.2,.3,141.0,.1,991.5,829.5,.3,3.0,6.0,15.0,.1,51.0,90.0,32.0,27.0,67.0,39.2,32.0,Y
27.0,9.0,1.0,4.0,22.0,16.0,5.0,.2,8.0,2.0,3.0,.6,18.0,1.0,.0,29.0,.0,52.0,12.3,7914.7,.2,111.0,.1,439.7,641.7,.2,4.0,8.0,15.0,.1,37.0,74.0,33.0,22.0,83.0,47.3,33.0,Y
7.0,3.0,2.0,.0,.0,4.0,2.0,.2,2.0,2.0,2.0,1.0,6.0,1.0,.0,12.0,2.0,14.6,6.4,604.4,.0,23.0,.2,33.6,94.0,.5,1.0,2.0,6.0,.1,9.0,14.0,7.0,10.0,20.0,.0,12.0,N
51.0,25.0,13.0,.0,14.0,48.0,13.0,.1,24.0,2.0,11.0,.9,96.0,1.0,.0,106.0,2.0,101.3,27.0,74089.9,.9,421.0,.0,4116.1,2739.8,.1,12.0,24.0,85.0,.1,192.0,229.0,71.0,20.0,172.0,11.7,106.0,N
3.0,5.0,2.0,.0,.0,8.0,3.0,.2,4.0,2.0,3.0,1.0,12.0,1.0,.0,15.0,1.0,8.2,18.0,2648.7,.1,36.0,.1,147.2,147.2,.3,2.0,4.0,11.0,.2,15.0,21.0,5.0,12.0,19.0,.0,15.0,N
13.0,9.0,5.0,12.0,16.0,16.0,5.0,.1,8.0,2.0,5.0,1.0,21.0,5.0,1.0,25.0,4.0,38.5,14.3,7820.9,.2,107.0,.1,434.5,548.8,1.0,4.0,8.0,18.0,.1,38.0,69.0,20.0,15.0,67.0,52.8,37.0,N
22.0,29.0,.0,8.0,35.0,44.0,15.0,.3,16.0,2.8,1.0,.1,45.0,3.0,.1,46.0,.0,61.1,22.3,30378.0,.5,239.0,.0,1687.7,1362.4,.2,14.0,22.0,32.0,.1,110.0,129.0,37.0,15.0,112.0,48.3,54.0,N
16.0,9.0,2.0,11.0,28.0,12.0,5.0,.1,4.0,3.0,1.0,.2,21.0,5.0,1.0,34.0,2.0,41.2,20.8,17773.1,.3,155.0,.1,987.4,856.2,1.0,4.0,6.0,18.0,.1,59.0,96.0,27.0,19.0,90.0,53.4,45.0,N
4.0,3.0,.0,2.0,4.0,4.0,2.0,.2,2.0,2.0,1.0,.5,6.0,1.0,.0,10.0,1.0,15.9,9.0,1287.6,.1,35.0,.1,71.5,143.1,.5,1.0,2.0,6.0,.1,16.0,19.0,8.0,9.0,21.0,37.5,12.0,N
23.0,13.0,.0,10.0,17.0,24.0,7.0,.2,12.0,2.0,1.0,.1,27.0,5.0,.7,23.0,3.0,27.4,28.1,21659.6,.3,157.0,.0,1203.3,770.4,.7,6.0,12.0,22.0,.1,43.0,114.0,13.0,17.0,74.0,54.0,33.0,N
23.0,13.0,.0,10.0,17.0,24.0,7.0,.2,12.0,2.0,1.0,.1,27.0,5.0,.7,23.0,3.0,17.5,27.2,12929.9,.2,105.0,.0,718.3,475.0,.7,6.0,12.0,22.0,.1,35.0,70.0,9.0,14.0,74.0,54.0,33.0,N
40.0,9.0,4.0,2.0,15.0,16.0,5.0,.2,8.0,2.0,2.0,.4,21.0,1.0,.0,31.0,.0,47.4,27.5,35852.6,.4,231.0,.0,1991.8,1303.7,.2,4.0,8.0,18.0,.1,70.0,161.0,28.0,22.0,89.0,35.4,33.0,N
23.0,9.0,6.0,3.0,20.0,16.0,5.0,.2,8.0,2.0,2.0,.4,23.0,1.0,.0,24.0,.0,43.1,15.2,9958.0,.2,120.0,.1,553.2,655.1,.2,4.0,8.0,20.0,.1,40.0,80.0,25.0,19.0,71.0,48.9,27.0,N
8.0,3.0,1.0,6.0,5.0,4.0,2.0,.1,2.0,2.0,1.0,.5,7.0,1.0,.0,13.0,1.0,29.6,9.2,2481.0,.1,57.0,.1,137.8,271.0,.5,1.0,2.0,7.0,.1,17.0,40.0,13.0,14.0,33.0,45.8,19.0,N
19.0,3.0,1.0,2.0,.0,4.0,2.0,.1,2.0,2.0,2.0,1.0,23.0,1.0,.0,33.0,.0,64.0,11.7,8685.0,.3,135.0,.1,482.5,745.7,.5,1.0,2.0,23.0,.0,66.0,69.0,34.0,12.0,55.0,5.7,35.0,N
6.0,7.0,.0,6.0,.0,10.0,4.0,.2,4.0,2.5,1.0,.3,13.0,4.0,1.0,21.0,1.0,21.3,24.4,12749.0,.2,98.0,.0,708.3,521.5,1.0,3.0,5.0,11.0,.1,40.0,58.0,18.0,22.0,34.0,22.2,27.0,N
134.0,60.0,9.0,63.0,31.0,38.0,41.0,.2,16.0,2.4,23.0,.6,118.0,6.0,.1,177.0,5.0,101.8,54.8,305928.6,1.9,767.0,.0,16996.0,5580.8,.2,11.0,19.0,79.0,.1,268.0,499.0,110.0,45.0,406.0,34.7,240.0,N
9.0,8.0,2.0,4.0,5.0,8.0,5.0,.3,4.0,2.0,3.0,.6,14.0,1.0,.0,14.0,.0,12.4,15.0,2782.0,.1,41.0,.1,154.6,185.5,.2,2.0,4.0,11.0,.2,16.0,25.0,8.0,15.0,33.0,39.1,18.0,N
164.0,110.0,26.0,37.0,191.0,128.0,70.0,.2,54.0,2.4,46.0,.7,241.0,27.0,.4,361.0,1.0,157.0,97.7,1499684.3,5.1,1844.0,.0,83315.8,15345.6,.4,37.0,66.0,173.0,.1,711.0,1133.0,251.0,69.0,764.0,38.7,398.0,N
27.0,24.0,11.0,3.0,48.0,34.0,13.0,.2,14.0,2.4,10.0,.8,53.0,7.0,.5,76.0,1.0,60.5,32.2,62767.7,.7,298.0,.0,3487.1,1948.7,.5,10.0,19.0,42.0,.1,102.0,196.0,57.0,36.0,155.0,40.2,79.0,N
5.0,5.0,1.0,.0,.0,8.0,3.0,.2,4.0,2.0,3.0,1.0,10.0,1.0,.0,20.0,1.0,34.2,10.3,3620.9,.1,71.0,.1,201.2,351.8,.3,2.0,4.0,9.0,.1,25.0,46.0,17.0,14.0,26.0,.0,20.0,N
7.0,9.0,3.0,4.0,5.0,14.0,5.0,.2,6.0,2.3,3.0,.6,20.0,3.0,.5,27.0,.0,24.7,21.9,11802.9,.2,108.0,.1,655.7,540.0,.6,4.0,7.0,17.0,.1,34.0,74.0,14.0,18.0,44.0,25.0,31.0,N
16.0,5.0,7.0,2.0,24.0,8.0,3.0,.2,4.0,2.0,3.0,1.0,15.0,1.0,.0,15.0,1.0,36.2,7.2,1867.9,.1,52.0,.1,103.8,260.0,.3,2.0,4.0,14.0,.1,21.0,31.0,19.0,13.0,58.0,63.4,17.0,N
15.0,7.0,3.0,3.0,8.0,12.0,4.0,.3,6.0,2.0,4.0,1.0,15.0,1.0,.0,13.0,.0,26.8,11.0,3253.7,.1,59.0,.1,180.8,295.0,.3,3.0,6.0,13.0,.1,25.0,34.0,17.0,15.0,40.0,45.8,16.0,N
19.0,5.0,4.0,2.0,16.0,8.0,3.0,.1,4.0,2.0,3.0,1.0,14.0,1.0,.0,25.0,1.0,48.5,14.1,9649.3,.2,120.0,.1,536.1,684.1,.3,2.0,4.0,13.0,.0,49.0,71.0,33.0,19.0,70.0,41.9,27.0,N
19.0,7.0,5.0,5.0,10.0,12.0,4.0,.2,6.0,2.0,4.0,1.0,15.0,4.0,1.0,22.0,1.0,28.4,13.4,5120.9,.1,75.0,.1,284.5,381.6,1.0,3.0,6.0,13.0,.1,34.0,41.0,19.0,15.0,57.0,40.5,27.0,N
15.0,11.0,4.0,5.0,19.0,20.0,6.0,.2,10.0,2.0,4.0,.7,23.0,1.0,.0,28.0,2.0,30.6,23.1,16332.1,.2,128.0,.0,907.3,707.0,.2,5.0,10.0,19.0,.1,55.0,73.0,25.0,21.0,75.0,46.2,33.0,N
13.0,3.0,1.0,3.0,18.0,4.0,2.0,.1,2.0,2.0,2.0,1.0,6.0,1.0,.0,18.0,2.0,25.6,24.4,15282.0,.2,122.0,.0,849.0,625.8,.5,1.0,2.0,6.0,.0,58.0,64.0,19.0,16.0,53.0,53.9,21.0,N
14.0,9.0,3.0,2.0,20.0,16.0,5.0,.2,8.0,2.0,3.0,.6,21.0,1.0,.0,24.0,1.0,27.1,39.7,42716.4,.4,197.0,.0,2373.1,1075.5,.2,4.0,8.0,18.0,.1,87.0,110.0,23.0,21.0,68.0,47.8,26.0,N
12.0,9.0,4.0,2.0,12.0,16.0,5.0,.1,8.0,2.0,5.0,1.0,22.0,1.0,.0,38.0,1.0,54.4,19.3,20172.8,.4,176.0,.1,1120.7,1047.9,.2,4.0,8.0,19.0,.1,70.0,106.0,40.0,22.0,73.0,26.9,40.0,N
23.0,9.0,5.0,10.0,9.0,16.0,5.0,.1,8.0,2.0,5.0,1.0,21.0,5.0,1.0,31.0,1.0,54.6,14.8,12009.6,.3,140.0,.1,667.2,809.4,1.0,4.0,8.0,18.0,.1,61.0,79.0,37.0,18.0,74.0,38.0,41.0,N
155.0,71.0,5.0,14.0,170.0,122.0,37.0,.2,58.0,2.1,26.0,.7,148.0,21.0,.6,196.0,1.0,127.7,71.5,653537.1,3.1,1177.0,.0,36307.6,9135.4,.6,32.0,61.0,113.0,.1,454.0,723.0,165.0,52.0,536.0,48.4,210.0,Y
42.0,11.0,10.0,5.0,44.0,20.0,6.0,.2,10.0,2.0,6.0,1.0,30.0,1.0,.0,32.0,.0,53.3,12.9,8852.8,.2,123.0,.1,491.8,687.0,.2,5.0,10.0,26.0,.1,47.0,76.0,31.0,17.0,124.0,60.5,37.0,N
30.0,19.0,5.0,6.0,45.0,36.0,10.0,.1,18.0,2.0,9.0,.9,48.0,8.0,.8,71.0,1.0,46.2,27.1,33930.4,.4,211.0,.0,1885.0,1251.4,.8,9.0,18.0,40.0,.1,73.0,138.0,35.0,26.0,153.0,41.8,77.0,Y
9.0,3.0,2.0,.0,7.0,4.0,2.0,.1,2.0,2.0,2.0,1.0,6.0,1.0,.0,15.0,.0,27.1,14.3,5493.4,.1,74.0,.1,305.2,385.5,.5,1.0,2.0,6.0,.1,27.0,47.0,18.0,19.0,32.0,31.8,15.0,Y
26.0,17.0,4.0,5.0,32.0,28.0,9.0,.1,12.0,2.3,6.0,.7,39.0,4.0,.4,62.0,2.0,97.5,20.9,42622.0,.7,314.0,.1,2367.9,2038.4,.4,8.0,14.0,32.0,.1,115.0,199.0,66.0,24.0,126.0,37.4,67.0,N
40.0,11.0,12.0,3.0,47.0,20.0,6.0,.1,10.0,2.0,5.0,.8,40.0,1.0,.0,41.0,.0,61.6,17.0,17733.6,.4,177.0,.1,985.2,1045.5,.2,5.0,10.0,36.0,.1,63.0,114.0,39.0,21.0,132.0,55.0,44.0,N
7.0,7.0,2.0,.0,8.0,12.0,4.0,.2,6.0,2.0,1.0,.3,16.0,1.0,.0,25.0,.0,31.7,15.0,7125.0,.2,95.0,.1,395.8,475.0,.3,3.0,6.0,14.0,.1,30.0,65.0,16.0,16.0,41.0,24.2,25.0,N
93.0,25.0,10.0,11.0,57.0,48.0,13.0,.1,24.0,2.0,12.0,.9,69.0,1.0,.0,143.0,1.0,175.2,28.5,142535.3,1.7,695.0,.0,7918.6,4996.9,.1,12.0,24.0,58.0,.0,290.0,405.0,122.0,24.0,305.0,32.2,154.0,Y
9.0,5.0,3.0,2.0,2.0,8.0,3.0,.2,4.0,2.0,3.0,1.0,11.0,1.0,.0,17.0,.0,36.7,14.6,7799.9,.2,102.0,.1,433.3,535.3,.3,2.0,4.0,10.0,.1,36.0,66.0,21.0,17.0,31.0,19.1,19.0,N
12.0,7.0,2.0,2.0,2.0,12.0,4.0,.2,6.0,2.0,4.0,1.0,14.0,1.0,.0,18.0,1.0,54.3,7.9,3382.9,.1,80.0,.1,187.9,428.6,.3,3.0,6.0,12.0,.1,34.0,46.0,28.0,13.0,35.0,18.2,20.0,N
31.0,11.0,5.0,7.0,30.0,20.0,6.0,.2,10.0,2.0,5.0,.8,26.0,1.0,.0,33.0,.0,53.6,18.5,18269.6,.3,172.0,.1,1015.0,989.8,.2,5.0,10.0,22.0,.1,68.0,104.0,35.0,19.0,102.0,52.9,40.0,Y
62.0,7.0,3.0,7.0,46.0,12.0,4.0,.0,6.0,2.0,4.0,1.0,15.0,1.0,.0,92.0,.0,234.0,26.6,166113.9,2.1,822.0,.0,9228.6,6234.8,.3,3.0,6.0,13.0,.0,373.0,449.0,168.0,24.0,215.0,36.6,99.0,Y
36.0,13.0,5.0,6.0,14.0,24.0,7.0,.1,12.0,2.0,7.0,1.0,30.0,1.0,.0,44.0,.0,79.0,22.1,38620.3,.6,269.0,.1,2145.6,1746.3,.1,6.0,12.0,25.0,.1,115.0,154.0,65.0,25.0,101.0,31.3,50.0,Y
39.0,13.0,7.0,4.0,28.0,24.0,7.0,.1,12.0,2.0,7.0,1.0,33.0,1.0,.0,48.0,1.0,124.4,13.9,24028.8,.6,262.0,.1,1334.9,1729.2,.1,6.0,12.0,28.0,.1,107.0,155.0,77.0,20.0,120.0,40.0,52.0,N
77.0,19.0,6.0,4.0,31.0,36.0,10.0,.1,18.0,2.0,10.0,1.0,69.0,1.0,.0,127.0,1.0,208.0,26.3,143936.4,1.8,753.0,.0,7996.5,5471.9,.1,9.0,18.0,61.0,.0,259.0,494.0,128.0,26.0,240.0,21.6,131.0,N
55.0,7.0,9.0,.0,23.0,12.0,4.0,.2,6.0,2.0,4.0,1.0,19.0,1.0,.0,21.0,.0,51.3,7.6,2991.4,.1,77.0,.1,166.2,391.7,.3,3.0,6.0,17.0,.0,28.0,49.0,22.0,12.0,100.0,52.3,21.0,N
17.0,23.0,2.0,.0,34.0,42.0,12.0,.2,20.0,2.1,8.0,.7,46.0,3.0,.2,65.0,.0,108.8,15.2,25107.6,.6,263.0,.1,1394.9,1653.1,.3,11.0,21.0,36.0,.1,109.0,154.0,61.0,17.0,117.0,34.3,65.0,N
12.0,3.0,2.0,1.0,8.0,4.0,2.0,.1,2.0,2.0,2.0,1.0,6.0,1.0,.0,32.0,.0,68.4,18.8,24116.9,.4,214.0,.1,1339.8,1284.0,.5,1.0,2.0,6.0,.0,96.0,118.0,46.0,18.0,54.0,22.0,33.0,N
13.0,9.0,7.0,1.0,20.0,16.0,5.0,.2,8.0,2.0,5.0,1.0,20.0,1.0,.0,23.0,.0,30.2,7.9,1858.3,.1,51.0,.1,103.2,236.8,.2,4.0,8.0,17.0,.1,17.0,34.0,13.0,12.0,58.0,47.7,24.0,N
3.0,3.0,.0,1.0,6.0,4.0,2.0,.2,2.0,2.0,1.0,.5,5.0,1.0,.0,8.0,1.0,10.6,3.8,149.5,.0,12.0,.3,8.3,39.9,.5,1.0,2.0,5.0,.1,5.0,7.0,4.0,6.0,19.0,46.7,9.0,N
22.0,19.0,8.0,1.0,1.0,28.0,11.0,.2,14.0,2.0,9.0,.8,55.0,10.0,.9,63.0,2.0,40.2,43.2,75170.0,.6,292.0,.0,4176.1,1738.6,.9,7.0,14.0,46.0,.1,105.0,187.0,34.0,28.0,88.0,3.1,64.0,N
12.0,7.0,4.0,1.0,.0,12.0,4.0,.2,6.0,2.0,4.0,1.0,19.0,4.0,1.0,22.0,2.0,30.3,10.7,3467.2,.1,66.0,.1,192.6,323.9,1.0,3.0,6.0,17.0,.1,28.0,38.0,17.0,13.0,36.0,4.4,23.0,N
15.0,13.0,4.0,1.0,1.0,24.0,7.0,.2,12.0,2.0,6.0,.9,39.0,1.0,.0,36.0,2.0,34.4,26.5,24176.7,.3,168.0,.0,1343.2,911.6,.1,6.0,12.0,34.0,.1,67.0,101.0,24.0,19.0,54.0,5.3,37.0,N
5.0,3.0,1.0,1.0,2.0,4.0,2.0,.1,2.0,2.0,2.0,1.0,21.0,1.0,.0,23.0,2.0,56.7,6.1,2126.0,.1,73.0,.2,118.1,347.1,.5,1.0,2.0,21.0,.1,35.0,38.0,20.0,7.0,32.0,11.5,24.0,N
12.0,9.0,3.0,1.0,1.0,16.0,5.0,.2,8.0,2.0,4.0,.8,19.0,5.0,1.0,20.0,2.0,23.8,11.5,3151.2,.1,57.0,.1,175.1,274.0,1.0,4.0,8.0,16.0,.1,23.0,34.0,14.0,14.0,35.0,9.1,21.0,N
9.0,7.0,3.0,4.0,.0,12.0,4.0,.2,6.0,2.0,4.0,1.0,17.0,4.0,1.0,17.0,2.0,26.8,10.4,2899.8,.1,58.0,.1,161.1,278.8,1.0,3.0,6.0,15.0,.1,24.0,34.0,15.0,13.0,31.0,19.1,21.0,N
27.0,27.0,7.0,3.0,1.0,44.0,15.0,.2,22.0,2.0,12.0,.8,66.0,8.0,.5,73.0,2.0,36.4,50.4,92351.0,.6,299.0,.0,5130.6,1832.7,.5,11.0,22.0,53.0,.1,113.0,186.0,37.0,33.0,105.0,5.2,76.0,N
7.0,3.0,1.0,4.0,1.0,4.0,2.0,.2,2.0,2.0,2.0,1.0,6.0,1.0,.0,6.0,2.0,16.4,3.5,200.8,.0,16.0,.3,11.2,57.4,.5,1.0,2.0,6.0,.1,5.0,11.0,5.0,7.0,19.0,45.5,10.0,N
10.0,7.0,5.0,5.0,1.0,12.0,4.0,.2,6.0,2.0,3.0,.8,21.0,1.0,.0,17.0,2.0,31.1,12.1,4520.8,.1,75.0,.1,251.2,375.0,.3,3.0,6.0,19.0,.1,31.0,44.0,18.0,14.0,34.0,26.1,22.0,N
22.0,23.0,7.0,3.0,1.0,36.0,13.0,.2,18.0,2.0,9.0,.7,59.0,9.0,.7,64.0,2.0,39.5,43.3,74124.4,.6,283.0,.0,4118.0,1710.6,.7,9.0,18.0,48.0,.1,104.0,179.0,36.0,30.0,91.0,5.9,67.0,N
3.0,7.0,1.0,.0,.0,10.0,4.0,.2,4.0,2.5,2.0,.5,12.0,4.0,1.0,20.0,1.0,13.5,16.0,3447.9,.1,47.0,.1,191.6,215.5,1.0,3.0,5.0,10.0,.2,16.0,31.0,8.0,16.0,24.0,.0,20.0,N
3.0,11.0,1.0,.0,.0,16.0,6.0,.3,6.0,2.7,2.0,.3,18.0,6.0,1.0,24.0,1.0,20.0,17.3,5999.6,.1,72.0,.1,333.3,346.1,1.0,5.0,8.0,14.0,.2,26.0,46.0,12.0,16.0,28.0,.0,24.0,N
3.0,11.0,1.0,.0,.0,16.0,6.0,.3,6.0,2.7,2.0,.3,18.0,6.0,1.0,24.0,1.0,20.0,17.3,5999.6,.1,72.0,.1,333.3,346.1,1.0,5.0,8.0,14.0,.2,26.0,46.0,12.0,16.0,28.0,.0,24.0,N
.0,5.0,.0,.0,.0,6.0,3.0,.3,2.0,3.0,1.0,.3,8.0,3.0,1.0,9.0,1.0,14.7,4.8,337.5,.0,19.0,.2,18.8,70.3,1.0,2.0,3.0,7.0,.3,6.0,13.0,5.0,8.0,10.0,.0,9.0,N
.0,9.0,.0,.0,.0,10.0,5.0,.6,2.0,5.0,1.0,.2,12.0,5.0,1.0,9.0,1.0,19.3,6.4,797.1,.0,31.0,.2,44.3,124.0,1.0,4.0,7.0,9.0,.5,10.0,21.0,7.0,9.0,10.0,.0,9.0,N
.0,5.0,.0,.0,.0,6.0,3.0,.3,2.0,3.0,1.0,.3,8.0,3.0,1.0,9.0,1.0,9.1,10.0,913.8,.0,24.0,.1,50.8,91.4,1.0,2.0,3.0,7.0,.3,8.0,16.0,4.0,10.0,10.0,.0,9.0,N
.0,3.0,.0,.0,.0,4.0,2.0,.1,2.0,2.0,1.0,.5,6.0,1.0,.0,14.0,2.0,36.8,7.1,1839.0,.1,56.0,.1,102.2,260.1,.5,1.0,2.0,6.0,.1,18.0,38.0,14.0,11.0,15.0,.0,14.0,N
39.0,9.0,8.0,9.0,14.0,16.0,5.0,.1,8.0,2.0,5.0,1.0,24.0,1.0,.0,60.0,8.0,97.9,22.1,47876.6,.7,331.0,.1,2659.8,2164.5,.2,4.0,8.0,21.0,.0,114.0,217.0,67.0,26.0,146.0,27.7,69.0,N
9.0,5.0,2.0,10.0,6.0,8.0,3.0,.1,4.0,2.0,3.0,1.0,10.0,1.0,.0,16.0,.0,39.8,9.0,3223.8,.1,73.0,.1,179.1,358.2,.3,2.0,4.0,9.0,.1,27.0,46.0,18.0,12.0,42.0,50.0,26.0,N
4.0,3.0,2.0,.0,4.0,4.0,2.0,.2,2.0,2.0,2.0,1.0,6.0,1.0,.0,12.0,1.0,23.3,6.1,871.6,.1,33.0,.2,48.4,142.6,.5,1.0,2.0,6.0,.1,10.0,23.0,9.0,11.0,21.0,25.0,12.0,N
3.0,3.0,.0,.0,.0,4.0,2.0,.2,2.0,2.0,1.0,.5,6.0,1.0,.0,13.0,2.0,18.1,9.6,1676.3,.1,41.0,.1,93.1,174.2,.5,1.0,2.0,6.0,.1,14.0,27.0,8.0,11.0,17.0,.0,13.0,N
55.0,34.0,25.0,3.0,91.0,12.0,30.0,.2,6.0,2.0,26.0,.9,70.0,1.0,.0,133.0,3.0,54.0,77.5,324260.8,1.4,605.0,.0,18014.5,4185.9,.0,3.0,6.0,42.0,.1,220.0,385.0,71.0,50.0,283.0,41.4,136.0,Y
5.0,3.0,3.0,.0,13.0,4.0,2.0,.1,2.0,2.0,2.0,1.0,7.0,1.0,.0,16.0,3.0,21.2,9.1,1752.4,.1,42.0,.1,97.4,192.6,.5,1.0,2.0,7.0,.1,13.0,29.0,10.0,14.0,35.0,44.8,16.0,N
22.0,7.0,2.0,3.0,5.0,10.0,4.0,.1,4.0,2.5,3.0,.8,12.0,3.0,.7,27.0,3.0,28.8,18.1,9456.3,.2,95.0,.1,525.4,521.7,.8,3.0,5.0,10.0,.1,29.0,66.0,20.0,25.0,58.0,22.9,30.0,N
19.0,9.0,2.0,3.0,15.0,14.0,5.0,.2,6.0,2.3,4.0,.8,16.0,4.0,.8,31.0,3.0,35.0,17.3,10420.8,.2,110.0,.1,578.9,604.1,.8,4.0,7.0,13.0,.1,33.0,77.0,22.0,23.0,69.0,36.7,34.0,N
12.0,9.0,3.0,2.0,28.0,16.0,5.0,.1,8.0,2.0,3.0,.6,19.0,1.0,.0,37.0,2.0,30.9,16.0,7919.0,.2,93.0,.1,440.0,494.9,.2,4.0,8.0,16.0,.1,32.0,61.0,20.0,20.0,80.0,44.8,39.0,N
5.0,7.0,1.0,.0,6.0,10.0,4.0,.2,4.0,2.5,2.0,.5,13.0,3.0,.7,26.0,2.0,38.8,13.2,6756.1,.2,99.0,.1,375.3,511.8,.8,3.0,5.0,11.0,.1,33.0,66.0,20.0,16.0,38.0,18.8,26.0,N
6.0,11.0,1.0,.0,8.0,20.0,6.0,.2,10.0,2.0,3.0,.5,19.0,1.0,.0,34.0,2.0,59.2,12.6,9398.2,.3,135.0,.1,522.1,745.7,.2,5.0,10.0,15.0,.1,43.0,92.0,29.0,17.0,49.0,19.1,34.0,N
21.0,13.0,5.0,2.0,30.0,22.0,7.0,.2,10.0,2.2,5.0,.7,24.0,1.0,.0,31.0,1.0,26.3,23.5,14529.3,.2,126.0,.0,807.2,618.3,.1,6.0,11.0,19.0,.1,47.0,79.0,15.0,15.0,85.0,50.8,33.0,N
7.0,3.0,.0,.0,.0,4.0,2.0,.1,2.0,2.0,1.0,.5,6.0,1.0,.0,15.0,2.0,37.5,7.6,2168.2,.1,60.0,.1,120.5,285.3,.5,1.0,2.0,6.0,.1,19.0,41.0,15.0,12.0,23.0,.0,15.0,N
10.0,7.0,2.0,6.0,12.0,12.0,4.0,.2,6.0,2.0,4.0,1.0,15.0,4.0,1.0,15.0,2.0,18.1,16.4,4845.7,.1,63.0,.1,269.2,296.1,1.0,3.0,6.0,13.0,.1,24.0,39.0,11.0,15.0,44.0,54.6,21.0,N
53.0,57.0,13.0,45.0,13.0,112.0,29.0,.2,56.0,2.0,27.0,.9,162.0,7.0,.2,130.0,.0,91.3,55.9,285170.8,1.7,729.0,.0,15842.8,5103.0,.2,28.0,56.0,135.0,.1,309.0,420.0,94.0,34.0,259.0,30.9,175.0,N
12.0,7.0,8.0,3.0,3.0,12.0,4.0,.1,6.0,2.0,4.0,1.0,25.0,1.0,.0,30.0,.0,30.5,20.7,13065.1,.2,122.0,.1,725.8,630.7,.3,3.0,6.0,23.0,.1,58.0,64.0,21.0,15.0,49.0,16.7,33.0,N
10.0,11.0,8.0,4.0,.0,20.0,6.0,.2,10.0,2.0,6.0,1.0,31.0,1.0,.0,34.0,.0,64.3,12.0,9260.0,.3,146.0,.1,514.5,771.7,.2,5.0,10.0,27.0,.1,54.0,92.0,27.0,12.0,49.0,10.5,38.0,N
47.0,15.0,7.0,27.0,28.0,20.0,9.0,.1,10.0,2.0,6.0,.7,50.0,1.0,.0,59.0,1.0,47.3,45.8,99082.6,.7,336.0,.0,5504.6,2164.8,.1,5.0,10.0,43.0,.1,136.0,200.0,52.0,35.0,162.0,48.3,86.0,N
7.0,7.0,1.0,11.0,30.0,12.0,4.0,.2,6.0,2.0,1.0,.3,15.0,1.0,.0,16.0,6.0,18.9,19.6,7261.0,.1,77.0,.1,403.4,370.2,.3,3.0,6.0,13.0,.1,34.0,43.0,13.0,15.0,65.0,71.9,27.0,N
33.0,23.0,1.0,5.0,95.0,44.0,12.0,.2,22.0,2.0,1.0,.1,60.0,1.0,.0,65.0,4.0,79.2,42.0,139798.5,1.1,541.0,.0,7766.6,3327.0,.1,11.0,22.0,50.0,.1,230.0,311.0,52.0,19.0,199.0,60.6,70.0,N
46.0,39.0,6.0,20.0,96.0,70.0,20.0,.2,32.0,2.2,4.0,.2,97.0,9.0,.4,91.0,1.0,72.7,51.5,192513.3,1.3,568.0,.0,10695.2,3740.3,.5,19.0,35.0,79.0,.1,250.0,318.0,68.0,28.0,254.0,56.0,111.0,Y
5.0,5.0,3.0,.0,3.0,8.0,3.0,.2,4.0,2.0,3.0,1.0,15.0,1.0,.0,20.0,.0,38.9,12.3,5856.8,.2,93.0,.1,325.4,477.0,.3,2.0,4.0,14.0,.1,26.0,67.0,18.0,17.0,29.0,13.0,20.0,N
9.0,19.0,.0,6.0,6.0,36.0,10.0,.2,18.0,2.0,1.0,.1,38.0,5.0,.4,58.0,3.0,31.0,33.5,34816.7,.4,187.0,.0,1934.3,1038.7,.5,9.0,18.0,30.0,.1,83.0,104.0,26.0,21.0,80.0,17.1,64.0,Y
17.0,29.0,.0,19.0,53.0,50.0,15.0,.2,22.0,2.3,1.0,.1,55.0,9.0,.6,50.0,2.0,50.8,25.3,32401.8,.4,219.0,.0,1800.1,1282.9,.6,14.0,25.0,42.0,.1,89.0,130.0,37.0,21.0,140.0,59.0,69.0,N
1.0,5.0,.0,.0,.0,8.0,3.0,.3,4.0,2.0,1.0,.3,12.0,1.0,.0,12.0,2.0,21.8,10.4,2369.1,.1,51.0,.1,131.6,227.4,.3,2.0,4.0,11.0,.2,25.0,26.0,12.0,10.0,14.0,.0,12.0,N
24.0,33.0,7.0,13.0,55.0,60.0,17.0,.2,28.0,2.1,6.0,.4,79.0,7.0,.4,93.0,1.0,56.0,48.1,129374.5,.9,407.0,.0,7187.5,2692.2,.4,16.0,30.0,64.0,.1,173.0,234.0,63.0,35.0,186.0,42.2,106.0,N
24.0,37.0,6.0,.0,18.0,52.0,19.0,.3,20.0,2.6,13.0,.7,68.0,19.0,1.0,69.0,.0,73.6,37.8,104901.8,.9,422.0,.0,5827.9,2778.9,1.0,16.0,26.0,51.0,.2,151.0,271.0,64.0,32.0,112.0,20.7,69.0,N
4.0,5.0,.0,1.0,.0,8.0,3.0,.2,4.0,2.0,1.0,.3,10.0,3.0,1.0,16.0,2.0,13.7,10.6,1531.0,.1,33.0,.1,85.1,145.0,1.0,2.0,4.0,9.0,.1,13.0,20.0,8.0,13.0,22.0,5.9,17.0,N
5.0,5.0,.0,.0,.0,8.0,3.0,.2,4.0,2.0,1.0,.3,9.0,1.0,.0,20.0,2.0,10.0,14.7,2158.2,.1,36.0,.1,119.9,147.2,.3,2.0,4.0,8.0,.1,16.0,20.0,6.0,11.0,26.0,.0,20.0,N
26.0,28.0,16.0,20.0,119.0,28.0,17.0,.1,12.0,2.3,13.0,.8,72.0,10.0,.6,154.0,1.0,133.4,38.6,198396.4,1.7,695.0,.0,11022.0,5143.6,.6,8.0,14.0,57.0,.1,285.0,410.0,133.0,36.0,320.0,47.4,174.0,N
6.0,31.0,3.0,1.0,19.0,54.0,16.0,.2,24.0,2.3,7.0,.4,61.0,9.0,.5,72.0,6.0,86.2,18.3,28729.0,.5,255.0,.1,1596.1,1573.3,.6,15.0,28.0,47.0,.2,83.0,172.0,50.0,22.0,99.0,21.7,73.0,N
21.0,31.0,10.0,13.0,50.0,34.0,18.0,.1,16.0,2.1,13.0,.7,72.0,1.0,.0,125.0,3.0,77.8,40.3,126046.5,1.0,438.0,.0,7002.6,3131.6,.1,9.0,17.0,56.0,.1,168.0,270.0,96.0,46.0,254.0,33.5,138.0,N
6.0,9.0,2.0,.0,17.0,16.0,5.0,.2,8.0,2.0,2.0,.4,21.0,1.0,.0,29.0,2.0,27.4,20.8,11829.8,.2,111.0,.1,657.2,569.4,.2,4.0,8.0,18.0,.1,44.0,67.0,18.0,17.0,53.0,37.0,29.0,N
8.0,5.0,1.0,1.0,11.0,8.0,3.0,.2,4.0,2.0,1.0,.3,12.0,1.0,.0,18.0,4.0,35.6,12.9,5919.2,.2,91.0,.1,328.8,459.0,.3,2.0,4.0,11.0,.1,35.0,56.0,19.0,14.0,57.0,40.0,19.0,N
17.0,21.0,7.0,.0,8.0,36.0,11.0,.2,16.0,2.3,8.0,.7,53.0,5.0,.4,55.0,4.0,48.9,26.8,35190.2,.4,217.0,.0,1955.0,1311.6,.5,10.0,18.0,44.0,.1,88.0,129.0,41.0,25.0,81.0,12.7,55.0,N
14.0,5.0,2.0,.0,39.0,8.0,3.0,.1,4.0,2.0,1.0,.3,13.0,1.0,.0,47.0,2.0,59.9,15.7,14671.3,.3,150.0,.1,815.1,937.2,.3,2.0,4.0,12.0,.0,82.0,68.0,55.0,21.0,121.0,45.4,47.0,N
10.0,11.0,2.0,2.0,14.0,20.0,6.0,.2,10.0,2.0,2.0,.3,25.0,4.0,.6,32.0,1.0,21.8,22.9,11393.4,.2,95.0,.0,633.0,498.6,.7,5.0,10.0,21.0,.1,37.0,58.0,17.0,21.0,59.0,33.3,34.0,N
2.0,5.0,4.0,.0,2.0,8.0,3.0,.1,4.0,2.0,3.0,1.0,14.0,1.0,.0,21.0,2.0,34.6,8.6,2570.7,.1,62.0,.1,142.8,298.1,.3,2.0,4.0,13.0,.1,23.0,39.0,16.0,12.0,26.0,8.7,21.0,N
4.0,3.0,.0,.0,1.0,4.0,2.0,.1,2.0,2.0,1.0,.5,6.0,1.0,.0,14.0,3.0,12.7,7.9,786.3,.0,24.0,.1,43.7,100.1,.5,1.0,2.0,6.0,.1,10.0,14.0,7.0,11.0,20.0,6.7,14.0,N
6.0,5.0,6.0,.0,6.0,8.0,3.0,.1,4.0,2.0,3.0,1.0,15.0,1.0,.0,21.0,2.0,40.4,11.3,5113.6,.2,86.0,.1,284.1,454.5,.3,2.0,4.0,14.0,.1,36.0,50.0,24.0,15.0,34.0,22.2,21.0,N
9.0,5.0,4.0,.0,11.0,8.0,3.0,.1,4.0,2.0,2.0,.7,16.0,1.0,.0,28.0,1.0,36.6,15.2,8490.4,.2,104.0,.1,471.7,557.2,.3,2.0,4.0,15.0,.1,32.0,72.0,21.0,20.0,49.0,28.2,28.0,Y
2.0,3.0,3.0,.0,9.0,4.0,2.0,.1,2.0,2.0,2.0,1.0,9.0,1.0,.0,18.0,1.0,32.0,11.6,4329.7,.1,72.0,.1,240.5,372.2,.5,1.0,2.0,9.0,.1,26.0,46.0,19.0,17.0,30.0,33.3,18.0,N
3.0,6.0,5.0,2.0,13.0,4.0,4.0,.1,2.0,2.0,4.0,1.0,30.0,1.0,.0,36.0,.0,48.3,17.6,15014.7,.3,156.0,.1,834.2,851.7,.3,1.0,2.0,28.0,.1,56.0,100.0,27.0,17.0,55.0,29.4,38.0,N
22.0,58.0,13.0,12.0,33.0,78.0,32.0,.2,36.0,2.2,20.0,.6,124.0,7.0,.2,160.0,3.0,151.5,22.7,78245.0,1.2,488.0,.0,4346.9,3443.0,.2,21.0,39.0,94.0,.1,163.0,325.0,104.0,29.0,228.0,22.0,172.0,N
10.0,37.0,12.0,.0,62.0,64.0,20.0,.1,32.0,2.0,18.0,.9,95.0,1.0,.0,149.0,.0,171.8,29.6,150305.8,1.7,702.0,.0,8350.3,5081.4,.1,16.0,32.0,77.0,.1,220.0,482.0,119.0,32.0,222.0,29.4,149.0,Y
42.0,141.0,24.0,45.0,339.0,238.0,73.0,.2,106.0,2.3,41.0,.6,303.0,30.0,.4,411.0,7.0,293.7,43.4,553518.6,4.3,1500.0,.0,30751.0,12749.8,.4,66.0,119.0,232.0,.1,568.0,932.0,314.0,48.0,555.0,48.3,456.0,Y
16.0,29.0,5.0,3.0,29.0,54.0,15.0,.1,26.0,2.1,12.0,.8,76.0,3.0,.1,121.0,.0,164.1,23.3,88801.9,1.3,537.0,.0,4933.4,3817.3,.2,14.0,27.0,63.0,.1,221.0,316.0,114.0,24.0,170.0,20.9,124.0,Y
.0,3.0,.0,.0,.0,4.0,2.0,.2,2.0,2.0,1.0,.5,6.0,1.0,.0,13.0,.0,21.2,3.5,259.0,.0,20.0,.3,14.4,74.0,.5,1.0,2.0,6.0,.1,6.0,14.0,6.0,7.0,14.0,.0,13.0,N
2.0,49.0,8.0,33.0,58.0,90.0,25.0,.2,42.0,2.1,9.0,.4,117.0,12.0,.5,128.0,.0,104.3,54.3,307757.1,1.9,790.0,.0,17097.6,5664.2,.5,24.0,45.0,94.0,.1,326.0,464.0,108.0,36.0,233.0,41.6,161.0,N
4.0,9.0,.0,.0,.0,16.0,5.0,.3,8.0,2.0,1.0,.2,19.0,1.0,.0,20.0,1.0,13.8,21.0,6065.9,.1,63.0,.1,337.0,288.9,.2,4.0,8.0,16.0,.2,21.0,42.0,8.0,16.0,25.0,.0,20.0,N
.0,11.0,3.0,2.0,20.0,14.0,6.0,.2,4.0,3.5,2.0,.3,18.0,1.0,.0,27.0,.0,38.4,13.5,6946.8,.2,92.0,.1,385.9,516.5,.2,5.0,7.0,14.0,.1,39.0,53.0,29.0,20.0,49.0,44.9,29.0,N
8.0,19.0,4.0,6.0,7.0,32.0,10.0,.2,14.0,2.3,7.0,.7,54.0,9.0,.9,47.0,.0,105.0,18.9,37359.4,.7,318.0,.1,2075.5,1980.8,.9,9.0,16.0,46.0,.1,97.0,221.0,54.0,21.0,69.0,21.7,53.0,N
10.0,5.0,9.0,2.0,18.0,8.0,3.0,.2,4.0,2.0,2.0,.7,18.0,1.0,.0,16.0,1.0,45.8,7.7,2724.0,.1,70.0,.1,151.3,353.1,.3,2.0,4.0,17.0,.0,27.0,43.0,21.0,12.0,71.0,55.6,18.0,N
15.0,7.0,4.0,.0,21.0,12.0,4.0,.1,6.0,2.0,4.0,1.0,25.0,1.0,.0,41.0,7.0,61.4,23.7,34405.3,.5,247.0,.0,1911.4,1453.0,.3,3.0,6.0,23.0,.1,117.0,130.0,42.0,17.0,78.0,33.9,41.0,N
4.0,3.0,.0,3.0,.0,4.0,2.0,.1,2.0,2.0,1.0,.5,6.0,1.0,.0,14.0,2.0,16.3,9.3,1404.3,.1,37.0,.1,78.0,151.2,.5,1.0,2.0,6.0,.1,13.0,24.0,7.0,10.0,22.0,17.7,17.0,N
4.0,3.0,.0,3.0,.0,4.0,2.0,.1,2.0,2.0,1.0,.5,6.0,1.0,.0,14.0,2.0,16.3,9.3,1404.3,.1,37.0,.1,78.0,151.2,.5,1.0,2.0,6.0,.1,13.0,24.0,7.0,10.0,22.0,17.7,17.0,N
12.0,5.0,4.0,.0,39.0,8.0,3.0,.1,4.0,2.0,1.0,.3,18.0,1.0,.0,27.0,1.0,61.9,12.0,8965.0,.3,130.0,.1,498.1,744.6,.3,2.0,4.0,17.0,.0,61.0,69.0,38.0,15.0,79.0,59.1,27.0,N
3.0,3.0,2.0,6.0,6.0,4.0,2.0,.1,2.0,2.0,2.0,1.0,8.0,1.0,.0,21.0,2.0,22.8,23.0,12075.0,.2,105.0,.0,670.8,525.0,.5,1.0,2.0,8.0,.0,46.0,59.0,16.0,16.0,55.0,36.4,27.0,N
.0,5.0,1.0,.0,5.0,6.0,3.0,.2,2.0,3.0,2.0,.7,7.0,3.0,1.0,16.0,4.0,24.3,7.6,1418.5,.1,40.0,.1,78.8,185.8,1.0,2.0,3.0,6.0,.1,12.0,28.0,11.0,14.0,22.0,23.8,16.0,N
10.0,17.0,3.0,12.0,20.0,32.0,9.0,.1,16.0,2.0,3.0,.3,46.0,1.0,.0,55.0,4.0,52.2,33.3,57931.9,.6,292.0,.0,3218.4,1738.6,.1,8.0,16.0,39.0,.1,113.0,179.0,39.0,23.0,138.0,36.8,67.0,N
6.0,9.0,3.0,10.0,22.0,16.0,5.0,.2,8.0,2.0,2.0,.4,24.0,1.0,.0,22.0,7.0,27.3,22.1,13319.2,.2,114.0,.1,740.0,602.5,.2,4.0,8.0,21.0,.1,42.0,72.0,19.0,20.0,61.0,59.3,32.0,N
2.0,23.0,10.0,14.0,78.0,42.0,12.0,.1,20.0,2.1,6.0,.5,52.0,4.0,.3,79.0,7.0,89.4,13.7,16858.8,.4,201.0,.1,936.6,1227.8,.3,11.0,21.0,42.0,.1,84.0,117.0,52.0,17.0,174.0,53.8,93.0,Y
6.0,47.0,2.0,1.0,58.0,80.0,25.0,.2,40.0,2.0,24.0,1.0,112.0,1.0,.0,138.0,1.0,171.9,27.2,127275.8,1.6,625.0,.0,7070.9,4677.4,.0,20.0,40.0,89.0,.1,250.0,375.0,147.0,32.0,204.0,30.0,139.0,N
.0,7.0,9.0,1.0,23.0,10.0,4.0,.2,4.0,2.5,4.0,1.0,20.0,1.0,.0,23.0,.0,34.3,11.6,4587.0,.1,75.0,.1,254.8,396.4,.3,3.0,5.0,18.0,.1,27.0,48.0,21.0,18.0,48.0,51.1,24.0,N
.0,19.0,5.0,4.0,15.0,16.0,13.0,.2,8.0,2.0,6.0,.5,42.0,1.0,.0,60.0,1.0,66.1,13.9,12780.0,.3,155.0,.1,710.0,919.3,.1,4.0,8.0,31.0,.2,57.0,98.0,41.0,20.0,80.0,24.1,64.0,N
1.0,9.0,4.0,1.0,.0,16.0,5.0,.2,8.0,2.0,3.0,.6,20.0,1.0,.0,32.0,.0,27.2,13.2,4764.7,.1,72.0,.1,264.7,360.0,.2,4.0,8.0,17.0,.1,30.0,42.0,17.0,15.0,35.0,3.0,33.0,N
1.0,5.0,5.0,.0,11.0,8.0,3.0,.1,4.0,2.0,3.0,1.0,13.0,1.0,.0,28.0,2.0,47.2,11.7,6449.5,.2,103.0,.1,358.3,551.8,.3,2.0,4.0,12.0,.1,33.0,70.0,24.0,17.0,41.0,28.2,28.0,N
1.0,7.0,5.0,.0,12.0,12.0,4.0,.1,6.0,2.0,3.0,.8,20.0,3.0,.7,41.0,.0,56.5,13.2,9840.4,.3,129.0,.1,546.7,745.8,.8,3.0,6.0,18.0,.1,50.0,79.0,36.0,19.0,68.0,22.6,41.0,Y
1.0,3.0,4.0,.0,3.0,4.0,2.0,.1,2.0,2.0,2.0,1.0,8.0,1.0,.0,19.0,2.0,33.2,9.4,2943.6,.1,62.0,.1,163.5,312.8,.5,1.0,2.0,8.0,.1,20.0,42.0,17.0,16.0,24.0,13.6,19.0,N
2.0,3.0,4.0,.0,3.0,4.0,2.0,.1,2.0,2.0,2.0,1.0,8.0,1.0,.0,19.0,2.0,31.7,8.9,2515.0,.1,57.0,.1,139.7,282.4,.5,1.0,2.0,8.0,.1,19.0,38.0,16.0,15.0,25.0,13.6,19.0,N
2.0,7.0,7.0,3.0,35.0,10.0,4.0,.1,4.0,2.5,1.0,.3,19.0,3.0,.7,38.0,3.0,60.5,14.8,13163.4,.3,153.0,.1,731.3,892.4,.8,3.0,5.0,17.0,.1,59.0,94.0,38.0,19.0,79.0,50.0,41.0,N
14.0,3.0,14.0,.0,7.0,4.0,2.0,.1,2.0,2.0,2.0,1.0,19.0,1.0,.0,41.0,1.0,93.8,15.7,23101.5,.5,241.0,.1,1283.4,1472.2,.5,1.0,2.0,19.0,.0,96.0,145.0,52.0,17.0,63.0,14.6,41.0,N
5.0,3.0,9.0,.0,6.0,4.0,2.0,.1,2.0,2.0,2.0,1.0,13.0,1.0,.0,30.0,.0,58.1,14.7,12512.2,.3,151.0,.1,695.1,852.2,.5,1.0,2.0,13.0,.1,57.0,94.0,33.0,17.0,42.0,16.7,30.0,N
10.0,29.0,8.0,2.0,65.0,56.0,15.0,.1,28.0,2.0,6.0,.4,74.0,11.0,.7,149.0,6.0,118.8,46.9,261640.6,1.9,781.0,.0,14535.6,5576.0,.7,14.0,28.0,61.0,.1,333.0,448.0,110.0,31.0,227.0,31.0,151.0,N
.0,3.0,4.0,.0,6.0,4.0,2.0,.1,2.0,2.0,2.0,1.0,8.0,1.0,.0,19.0,2.0,31.6,9.5,2850.0,.1,60.0,.1,158.3,300.0,.5,1.0,2.0,8.0,.1,19.0,41.0,16.0,16.0,26.0,24.0,19.0,N
12.0,37.0,12.0,23.0,65.0,60.0,20.0,.1,28.0,2.1,10.0,.5,104.0,9.0,.4,130.0,1.0,83.0,51.6,220979.9,1.4,607.0,.0,12276.7,4282.6,.5,16.0,30.0,86.0,.1,258.0,349.0,95.0,38.0,231.0,40.4,153.0,Y
6.0,15.0,6.0,6.0,7.0,20.0,9.0,.1,10.0,2.0,7.0,.8,38.0,1.0,.0,57.0,7.0,45.1,29.3,38588.3,.4,213.0,.0,2143.8,1318.4,.1,5.0,10.0,31.0,.1,75.0,138.0,41.0,32.0,77.0,18.6,63.0,Y
1.0,3.0,4.0,.0,6.0,4.0,2.0,.1,2.0,2.0,2.0,1.0,8.0,1.0,.0,42.0,.0,94.8,13.9,18268.2,.4,210.0,.1,1014.9,1316.0,.5,1.0,2.0,8.0,.0,91.0,119.0,59.0,18.0,50.0,12.5,42.0,N
1.0,3.0,2.0,6.0,13.0,4.0,2.0,.1,2.0,2.0,1.0,.5,7.0,1.0,.0,14.0,1.0,28.7,11.5,3771.1,.1,67.0,.1,209.5,328.8,.5,1.0,2.0,7.0,.1,30.0,37.0,17.0,13.0,35.0,57.6,20.0,N
1.0,3.0,5.0,.0,12.0,4.0,2.0,.1,2.0,2.0,2.0,1.0,9.0,1.0,.0,22.0,1.0,36.8,11.5,4842.1,.1,81.0,.1,269.0,422.0,.5,1.0,2.0,9.0,.1,27.0,54.0,20.0,17.0,36.0,35.3,22.0,N
.0,5.0,.0,.0,9.0,8.0,3.0,.1,4.0,2.0,1.0,.3,11.0,1.0,.0,27.0,2.0,55.0,8.3,3793.0,.2,87.0,.1,210.7,456.6,.3,2.0,4.0,10.0,.1,36.0,51.0,26.0,12.0,37.0,25.0,27.0,N
1.0,9.0,.0,1.0,4.0,16.0,5.0,.2,8.0,2.0,1.0,.2,18.0,1.0,.0,31.0,2.0,14.3,19.9,5674.4,.1,67.0,.1,315.3,284.6,.2,4.0,8.0,15.0,.1,29.0,38.0,8.0,11.0,38.0,13.9,32.0,N
5.0,19.0,5.0,7.0,39.0,34.0,10.0,.1,16.0,2.1,8.0,.8,61.0,8.0,.8,127.0,18.0,124.1,29.0,104460.7,1.2,526.0,.0,5803.4,3600.7,.8,9.0,17.0,53.0,.1,220.0,306.0,91.0,24.0,179.0,26.6,134.0,N
3.0,9.0,3.0,6.0,4.0,16.0,5.0,.1,8.0,2.0,5.0,1.0,33.0,1.0,.0,49.0,8.0,102.2,12.1,14944.8,.4,211.0,.1,830.3,1236.0,.2,4.0,8.0,30.0,.1,76.0,135.0,44.0,14.0,63.0,17.0,55.0,Y
13.0,7.0,4.0,1.0,5.0,12.0,4.0,.1,6.0,2.0,4.0,1.0,23.0,1.0,.0,45.0,.0,99.2,16.5,26973.6,.6,261.0,.1,1498.5,1635.6,.3,3.0,6.0,21.0,.1,94.0,167.0,57.0,20.0,65.0,11.8,46.0,N
67.0,29.0,10.0,27.0,41.0,56.0,15.0,.1,28.0,2.0,15.0,1.0,76.0,15.0,1.0,92.0,2.0,46.4,57.0,150671.0,.9,466.0,.0,8370.6,2643.4,1.0,14.0,28.0,63.0,.1,192.0,274.0,32.0,19.0,228.0,42.5,119.0,N
9.0,7.0,.0,7.0,11.0,12.0,4.0,.2,6.0,2.0,1.0,.3,14.0,4.0,1.0,18.0,4.0,24.0,15.4,5680.1,.1,76.0,.1,315.6,369.2,1.0,3.0,6.0,12.0,.1,25.0,51.0,13.0,16.0,46.0,50.0,25.0,N
15.0,11.0,4.0,9.0,22.0,20.0,6.0,.1,10.0,2.0,6.0,1.0,30.0,1.0,.0,36.0,3.0,46.8,21.5,21576.5,.3,182.0,.1,1198.7,1005.3,.2,5.0,10.0,26.0,.1,61.0,121.0,27.0,19.0,83.0,46.3,45.0,N
6.0,5.0,1.0,4.0,.0,8.0,3.0,.1,4.0,2.0,3.0,1.0,14.0,1.0,.0,22.0,.0,24.3,14.1,4807.1,.1,69.0,.1,267.1,341.8,.3,2.0,4.0,13.0,.1,30.0,39.0,16.0,15.0,33.0,15.4,26.0,N
21.0,7.0,4.0,10.0,22.0,12.0,4.0,.1,6.0,2.0,2.0,.5,19.0,1.0,.0,30.0,2.0,45.4,25.3,29117.2,.4,193.0,.0,1617.6,1149.2,.3,3.0,6.0,17.0,.1,75.0,118.0,37.0,25.0,84.0,51.6,40.0,N
9.0,7.0,1.0,6.0,10.0,12.0,4.0,.2,6.0,2.0,2.0,.5,14.0,1.0,.0,16.0,.0,22.8,25.9,15315.8,.2,109.0,.0,850.9,591.5,.3,3.0,6.0,12.0,.1,41.0,68.0,19.0,24.0,42.0,50.0,22.0,N
10.0,7.0,1.0,7.0,10.0,12.0,4.0,.2,6.0,2.0,2.0,.5,14.0,1.0,.0,15.0,.0,22.8,25.9,15315.8,.2,109.0,.0,850.9,591.5,.3,3.0,6.0,12.0,.1,41.0,68.0,19.0,24.0,43.0,53.1,22.0,N
46.0,19.0,8.0,35.0,31.0,36.0,10.0,.1,18.0,2.0,8.0,.8,48.0,1.0,.0,40.0,.0,83.4,31.3,81653.7,.9,399.0,.0,4536.3,2609.1,.1,9.0,18.0,40.0,.1,153.0,246.0,66.0,27.0,153.0,62.3,75.0,N
33.0,11.0,5.0,18.0,28.0,20.0,6.0,.1,10.0,2.0,4.0,.7,29.0,1.0,.0,44.0,2.0,71.5,34.8,86774.3,.8,380.0,.0,4820.8,2490.7,.2,5.0,10.0,25.0,.1,135.0,245.0,62.0,32.0,124.0,51.1,62.0,N
10.0,9.0,1.0,5.0,.0,16.0,5.0,.1,8.0,2.0,5.0,1.0,32.0,1.0,.0,31.0,.0,44.4,16.6,12163.9,.2,141.0,.1,675.8,734.5,.2,4.0,8.0,29.0,.1,69.0,72.0,25.0,12.0,47.0,13.9,36.0,N
25.0,11.0,4.0,11.0,21.0,20.0,6.0,.2,10.0,2.0,3.0,.5,24.0,1.0,.0,22.0,2.0,25.2,20.0,10047.0,.2,94.0,.1,558.2,503.6,.2,5.0,10.0,20.0,.1,38.0,56.0,20.0,21.0,80.0,59.3,33.0,N
9.0,7.0,4.0,2.0,13.0,12.0,4.0,.2,6.0,2.0,4.0,1.0,16.0,1.0,.0,20.0,.0,46.1,14.4,9617.8,.2,122.0,.1,534.3,666.1,.3,3.0,6.0,14.0,.1,38.0,84.0,25.0,19.0,45.0,42.9,22.0,N
10.0,3.0,2.0,2.0,4.0,4.0,2.0,.1,2.0,2.0,2.0,1.0,7.0,1.0,.0,25.0,1.0,48.8,16.6,13373.7,.3,148.0,.1,743.0,808.0,.5,1.0,2.0,7.0,.1,64.0,84.0,29.0,15.0,42.0,19.4,27.0,N
6.0,3.0,1.0,5.0,4.0,4.0,2.0,.1,2.0,2.0,1.0,.5,6.0,1.0,.0,10.0,4.0,21.1,9.8,2022.0,.1,45.0,.1,112.3,206.3,.5,1.0,2.0,6.0,.1,14.0,31.0,10.0,14.0,26.0,47.4,15.0,N
6.0,3.0,1.0,5.0,4.0,4.0,2.0,.1,2.0,2.0,1.0,.5,6.0,1.0,.0,10.0,4.0,21.1,9.8,2022.0,.1,45.0,.1,112.3,206.3,.5,1.0,2.0,6.0,.1,14.0,31.0,10.0,14.0,26.0,47.4,15.0,N
7.0,5.0,1.0,4.0,8.0,8.0,3.0,.2,4.0,2.0,2.0,.7,12.0,1.0,.0,14.0,1.0,30.9,8.6,2294.1,.1,56.0,.1,127.5,266.3,.3,2.0,4.0,11.0,.1,16.0,40.0,13.0,14.0,34.0,46.2,18.0,N
20.0,11.0,4.0,4.0,16.0,18.0,6.0,.2,8.0,2.3,5.0,.8,22.0,3.0,.4,27.0,4.0,53.8,14.9,11951.0,.3,140.0,.1,664.0,801.9,.5,5.0,9.0,18.0,.1,42.0,98.0,31.0,22.0,68.0,42.6,31.0,N
14.0,7.0,3.0,3.0,12.0,12.0,4.0,.2,6.0,2.0,4.0,1.0,16.0,1.0,.0,20.0,.0,47.4,11.1,5850.6,.2,97.0,.1,325.0,526.4,.3,3.0,6.0,14.0,.1,34.0,63.0,26.0,17.0,50.0,42.9,23.0,N
19.0,13.0,4.0,4.0,18.0,20.0,7.0,.2,8.0,2.5,5.0,.7,24.0,5.0,.7,28.0,4.0,55.6,14.6,11789.4,.3,142.0,.1,655.0,809.5,.7,6.0,10.0,19.0,.1,43.0,99.0,31.0,21.0,77.0,44.0,32.0,N
36.0,23.0,8.0,21.0,29.0,40.0,12.0,.2,18.0,2.2,8.0,.7,48.0,5.0,.4,45.0,4.0,68.8,26.3,47644.4,.6,288.0,.0,2646.9,1810.2,.4,11.0,20.0,38.0,.1,94.0,194.0,50.0,28.0,143.0,52.6,66.0,N
3.0,3.0,.0,2.0,2.0,4.0,2.0,.2,2.0,2.0,1.0,.5,5.0,1.0,.0,11.0,2.0,10.9,12.0,1569.6,.0,32.0,.1,87.2,130.8,.5,1.0,2.0,5.0,.1,10.0,22.0,5.0,12.0,19.0,26.7,13.0,N
3.0,3.0,.0,2.0,2.0,4.0,2.0,.2,2.0,2.0,1.0,.5,5.0,1.0,.0,11.0,2.0,17.3,12.0,2489.4,.1,48.0,.1,138.3,207.5,.5,1.0,2.0,5.0,.1,16.0,32.0,8.0,12.0,19.0,26.7,13.0,N
9.0,15.0,4.0,14.0,22.0,28.0,8.0,.2,14.0,2.0,6.0,.8,30.0,4.0,.4,27.0,6.0,35.3,13.7,6655.2,.2,93.0,.1,369.7,484.5,.5,7.0,14.0,24.0,.1,29.0,64.0,19.0,18.0,73.0,57.1,41.0,N
5.0,3.0,1.0,4.0,12.0,4.0,2.0,.1,2.0,2.0,2.0,1.0,5.0,1.0,.0,10.0,3.0,15.6,6.7,693.3,.0,26.0,.2,38.5,104.0,.5,1.0,2.0,5.0,.1,8.0,18.0,6.0,10.0,32.0,61.5,14.0,N
1.0,3.0,.0,3.0,3.0,4.0,2.0,.2,2.0,2.0,1.0,.5,5.0,1.0,.0,9.0,3.0,13.4,8.3,910.5,.0,27.0,.1,50.6,110.4,.5,1.0,2.0,5.0,.1,9.0,18.0,6.0,11.0,17.0,40.0,12.0,N
1.0,3.0,.0,3.0,3.0,4.0,2.0,.2,2.0,2.0,1.0,.5,5.0,1.0,.0,9.0,3.0,20.3,9.2,1703.6,.1,43.0,.1,94.6,185.8,.5,1.0,2.0,5.0,.1,15.0,28.0,9.0,11.0,17.0,40.0,12.0,N
49.0,19.0,8.0,6.0,57.0,30.0,10.0,.1,12.0,2.5,7.0,.7,60.0,10.0,1.0,98.0,1.0,125.8,27.3,93428.2,1.1,486.0,.0,5190.5,3428.9,1.0,9.0,15.0,52.0,.1,172.0,314.0,101.0,32.0,211.0,39.1,104.0,N
77.0,49.0,9.0,20.0,56.0,94.0,25.0,.1,46.0,2.0,24.0,1.0,137.0,15.0,.6,172.0,4.0,243.1,23.0,128457.9,1.9,750.0,.0,7136.6,5588.4,.6,24.0,47.0,114.0,.1,252.0,498.0,148.0,27.0,343.0,30.7,192.0,N
40.0,5.0,3.0,2.0,11.0,8.0,3.0,.1,4.0,2.0,3.0,1.0,16.0,1.0,.0,28.0,1.0,44.8,18.7,15592.1,.3,148.0,.1,866.2,835.3,.3,2.0,4.0,15.0,.0,56.0,92.0,30.0,20.0,82.0,31.7,30.0,Y
31.0,7.0,7.0,1.0,29.0,12.0,4.0,.1,6.0,2.0,4.0,1.0,33.0,1.0,.0,43.0,.0,84.4,19.2,31093.8,.5,267.0,.1,1727.4,1619.7,.3,3.0,6.0,31.0,.0,97.0,170.0,48.0,19.0,105.0,41.1,44.0,N
34.0,3.0,4.0,11.0,31.0,4.0,2.0,.0,2.0,2.0,2.0,1.0,11.0,1.0,.0,36.0,5.0,37.9,24.2,22154.0,.3,171.0,.0,1230.8,916.1,.5,1.0,2.0,11.0,.0,56.0,115.0,22.0,19.0,113.0,53.9,47.0,N
14.0,7.0,2.0,11.0,5.0,12.0,4.0,.1,6.0,2.0,3.0,.8,15.0,1.0,.0,21.0,5.0,49.8,9.5,4476.1,.2,87.0,.1,248.7,472.1,.3,3.0,6.0,13.0,.1,32.0,55.0,27.0,16.0,52.0,43.2,32.0,N
5.0,7.0,1.0,1.0,1.0,12.0,4.0,.2,6.0,2.0,2.0,.5,15.0,1.0,.0,16.0,1.0,25.0,20.4,10375.6,.2,97.0,.1,576.4,509.1,.3,3.0,6.0,13.0,.2,33.0,64.0,17.0,21.0,24.0,11.1,17.0,N
4.0,5.0,2.0,.0,7.0,8.0,3.0,.2,4.0,2.0,3.0,1.0,12.0,1.0,.0,14.0,1.0,16.8,11.2,2105.4,.1,41.0,.1,117.0,188.0,.3,2.0,4.0,11.0,.1,16.0,25.0,10.0,14.0,26.0,33.3,14.0,N
39.0,37.0,6.0,6.0,51.0,66.0,19.0,.2,30.0,2.2,9.0,.5,77.0,9.0,.4,88.0,1.0,66.1,50.3,167073.0,1.1,496.0,.0,9281.8,3323.4,.5,18.0,33.0,60.0,.1,207.0,289.0,70.0,34.0,185.0,39.3,94.0,N
18.0,6.0,6.0,7.0,6.0,4.0,4.0,.1,2.0,2.0,3.0,.8,16.0,1.0,.0,29.0,3.0,49.3,18.5,16907.8,.3,151.0,.1,939.3,912.7,.3,1.0,2.0,14.0,.1,57.0,94.0,40.0,26.0,61.0,31.0,36.0,N
49.0,41.0,14.0,16.0,37.0,78.0,21.0,.3,38.0,2.1,15.0,.7,104.0,5.0,.2,60.0,3.0,78.4,74.8,438244.1,2.0,821.0,.0,24346.9,5861.6,.2,20.0,39.0,85.0,.1,319.0,502.0,96.0,45.0,163.0,46.9,76.0,N
31.0,19.0,5.0,12.0,25.0,34.0,10.0,.2,16.0,2.1,6.0,.6,41.0,3.0,.2,52.0,2.0,47.5,48.0,109246.6,.8,350.0,.0,6069.3,2277.7,.3,9.0,17.0,33.0,.1,140.0,210.0,54.0,37.0,121.0,41.6,64.0,N
84.0,37.0,10.0,44.0,76.0,66.0,19.0,.1,32.0,2.1,8.0,.4,82.0,9.0,.4,101.0,9.0,75.0,66.0,326814.9,1.7,685.0,.0,18156.4,4951.7,.5,17.0,33.0,65.0,.1,264.0,421.0,100.0,50.0,306.0,54.3,145.0,N
17.0,15.0,3.0,28.0,6.0,28.0,8.0,.1,14.0,2.0,6.0,.8,37.0,1.0,.0,29.0,.0,78.3,48.1,180758.8,1.3,565.0,.0,10042.2,3761.9,.1,7.0,14.0,31.0,.1,217.0,348.0,70.0,31.0,81.0,54.0,57.0,N
16.0,11.0,5.0,3.0,8.0,18.0,6.0,.2,8.0,2.3,4.0,.7,28.0,5.0,.8,22.0,.0,37.5,29.5,32535.2,.4,187.0,.0,1807.5,1104.6,.8,5.0,9.0,24.0,.1,72.0,115.0,33.0,27.0,50.0,33.3,25.0,N
5.0,8.0,3.0,7.0,3.0,4.0,6.0,.2,2.0,2.0,6.0,1.0,17.0,1.0,.0,29.0,1.0,29.5,24.0,16987.6,.2,133.0,.0,943.8,707.8,.2,1.0,2.0,13.0,.1,48.0,85.0,20.0,20.0,45.0,25.6,36.0,N
1.0,7.0,1.0,1.0,.0,8.0,4.0,.3,2.0,4.0,2.0,.5,11.0,4.0,1.0,15.0,1.0,22.0,12.0,3172.9,.1,55.0,.1,176.3,264.4,1.0,3.0,4.0,9.0,.2,18.0,37.0,12.0,16.0,18.0,6.3,16.0,N
7.0,3.0,3.0,2.0,7.0,4.0,2.0,.1,2.0,2.0,1.0,.5,8.0,1.0,.0,14.0,2.0,25.2,9.5,2277.4,.1,51.0,.1,126.5,239.7,.5,1.0,2.0,8.0,.1,19.0,32.0,13.0,13.0,31.0,39.1,16.0,N
17.0,20.0,3.0,5.0,.0,14.0,15.0,.2,6.0,2.3,3.0,.2,40.0,4.0,.2,63.0,3.0,45.9,35.5,57670.7,.5,262.0,.0,3203.9,1626.9,.3,4.0,7.0,27.0,.2,79.0,183.0,39.0,35.0,86.0,7.4,68.0,N
3.0,3.0,.0,2.0,1.0,8.0,2.0,.2,4.0,2.0,1.0,.5,5.0,1.0,.0,9.0,2.0,24.7,7.2,1288.3,.1,40.0,.1,71.6,178.4,.5,2.0,4.0,5.0,.1,10.0,30.0,9.0,13.0,16.0,25.0,11.0,N
3.0,3.0,.0,2.0,.0,8.0,2.0,.2,4.0,2.0,1.0,.5,5.0,1.0,.0,9.0,2.0,24.1,7.2,1256.1,.1,39.0,.1,69.8,173.9,.5,2.0,4.0,5.0,.1,10.0,29.0,9.0,13.0,15.0,18.2,11.0,N
6.0,7.0,3.0,1.0,1.0,8.0,4.0,.2,2.0,4.0,2.0,.5,12.0,1.0,.0,17.0,1.0,25.0,13.6,4624.0,.1,68.0,.1,256.9,340.0,.3,3.0,4.0,10.0,.2,24.0,44.0,15.0,17.0,26.0,10.5,18.0,N
25.0,9.0,8.0,7.0,.0,12.0,5.0,.2,6.0,2.0,5.0,1.0,32.0,1.0,.0,27.0,.0,50.4,10.6,5682.3,.2,102.0,.1,315.7,535.3,.2,3.0,6.0,29.0,.1,46.0,56.0,26.0,12.0,60.0,20.6,34.0,N
13.0,17.0,5.0,2.0,.0,32.0,9.0,.1,16.0,2.0,9.0,1.0,59.0,1.0,.0,62.0,.0,183.7,7.0,9044.1,.4,214.0,.1,502.5,1288.8,.1,8.0,16.0,52.0,.1,100.0,114.0,57.0,8.0,78.0,3.1,64.0,N
7.0,3.0,3.0,.0,9.0,4.0,2.0,.2,2.0,2.0,2.0,1.0,7.0,1.0,.0,12.0,1.0,22.8,2.3,124.0,.0,16.0,.4,6.9,53.2,.5,1.0,2.0,7.0,.1,7.0,9.0,6.0,4.0,29.0,42.9,12.0,N
2.0,7.0,1.0,.0,.0,12.0,4.0,.2,6.0,2.0,2.0,.5,14.0,1.0,.0,24.0,2.0,20.2,16.4,5403.6,.1,73.0,.1,300.2,330.2,.3,3.0,6.0,12.0,.2,30.0,43.0,11.0,12.0,27.0,.0,24.0,N
5.0,5.0,2.0,4.0,.0,8.0,3.0,.2,4.0,2.0,3.0,1.0,16.0,1.0,.0,13.0,.0,25.6,13.2,4456.3,.1,71.0,.1,247.6,337.6,.3,2.0,4.0,15.0,.1,33.0,38.0,15.0,12.0,23.0,23.5,17.0,N
22.0,5.0,.0,3.0,13.0,16.0,3.0,.1,8.0,2.0,1.0,.3,12.0,1.0,.0,32.0,1.0,58.7,53.2,166215.8,1.0,538.0,.0,9234.2,3124.4,.3,4.0,8.0,11.0,.0,266.0,272.0,40.0,16.0,71.0,33.3,35.0,N
1.0,3.0,4.0,.0,.0,4.0,2.0,.2,2.0,2.0,2.0,1.0,9.0,1.0,.0,10.0,.0,22.4,7.3,1181.9,.1,37.0,.1,65.7,162.5,.5,1.0,2.0,9.0,.2,16.0,21.0,11.0,10.0,12.0,.0,10.0,N
9.0,5.0,2.0,4.0,3.0,8.0,3.0,.1,4.0,2.0,3.0,1.0,14.0,1.0,.0,17.0,.0,29.6,24.3,17460.6,.2,137.0,.0,970.0,719.0,.3,2.0,4.0,13.0,.1,60.0,77.0,21.0,17.0,34.0,29.2,21.0,N
1.0,3.0,.0,.0,.0,4.0,2.0,.3,2.0,2.0,1.0,.5,5.0,1.0,.0,7.0,1.0,8.8,12.0,1265.8,.0,27.0,.1,70.3,105.5,.5,1.0,2.0,5.0,.2,12.0,15.0,5.0,10.0,9.0,.0,7.0,N
1.0,5.0,.0,.0,.0,8.0,3.0,.3,4.0,2.0,1.0,.3,9.0,1.0,.0,9.0,1.0,12.1,14.1,2418.0,.1,41.0,.1,134.3,171.0,.3,2.0,4.0,8.0,.3,18.0,23.0,7.0,11.0,11.0,.0,9.0,N
1.0,5.0,.0,.0,.0,8.0,3.0,.3,4.0,2.0,1.0,.3,9.0,1.0,.0,11.0,2.0,14.7,14.7,3156.6,.1,49.0,.1,175.4,215.2,.3,2.0,4.0,8.0,.2,22.0,27.0,9.0,12.0,13.0,.0,11.0,N
1.0,3.0,.0,.0,.0,4.0,2.0,.3,2.0,2.0,1.0,.5,5.0,1.0,.0,7.0,1.0,8.8,12.0,1265.8,.0,27.0,.1,70.3,105.5,.5,1.0,2.0,5.0,.2,12.0,15.0,5.0,10.0,9.0,.0,7.0,N
1.0,5.0,.0,.0,.0,8.0,3.0,.3,4.0,2.0,1.0,.3,9.0,1.0,.0,9.0,1.0,12.1,14.1,2418.0,.1,41.0,.1,134.3,171.0,.3,2.0,4.0,8.0,.3,18.0,23.0,7.0,11.0,11.0,.0,9.0,N
1.0,5.0,.0,.0,.0,8.0,3.0,.3,4.0,2.0,1.0,.3,9.0,1.0,.0,11.0,2.0,14.7,14.7,3156.6,.1,49.0,.1,175.4,215.2,.3,2.0,4.0,8.0,.2,22.0,27.0,9.0,12.0,13.0,.0,11.0,N
1.0,3.0,.0,.0,.0,4.0,2.0,.3,2.0,2.0,1.0,.5,5.0,1.0,.0,7.0,1.0,8.8,12.0,1265.8,.0,27.0,.1,70.3,105.5,.5,1.0,2.0,5.0,.2,12.0,15.0,5.0,10.0,9.0,.0,7.0,N
1.0,5.0,.0,.0,.0,8.0,3.0,.3,4.0,2.0,1.0,.3,9.0,1.0,.0,9.0,1.0,12.1,14.1,2418.0,.1,41.0,.1,134.3,171.0,.3,2.0,4.0,8.0,.3,18.0,23.0,7.0,11.0,11.0,.0,9.0,N
1.0,5.0,.0,.0,.0,8.0,3.0,.3,4.0,2.0,1.0,.3,9.0,1.0,.0,11.0,2.0,14.7,14.7,3156.6,.1,49.0,.1,175.4,215.2,.3,2.0,4.0,8.0,.2,22.0,27.0,9.0,12.0,13.0,.0,11.0,N
40.0,11.0,4.0,25.0,13.0,16.0,6.0,.1,8.0,2.0,4.0,.7,27.0,5.0,.8,48.0,1.0,71.0,24.8,43561.8,.6,279.0,.0,2420.1,1758.8,.8,4.0,8.0,23.0,.0,107.0,172.0,54.0,25.0,151.0,44.2,73.0,N
2.0,3.0,2.0,.0,2.0,4.0,2.0,.3,2.0,2.0,2.0,1.0,6.0,1.0,.0,7.0,.0,16.5,6.2,632.3,.0,25.0,.2,35.1,102.2,.5,1.0,2.0,6.0,.2,11.0,14.0,8.0,9.0,12.0,22.2,7.0,N
2.0,3.0,2.0,.0,2.0,4.0,2.0,.3,2.0,2.0,2.0,1.0,6.0,1.0,.0,7.0,.0,16.5,6.2,632.3,.0,25.0,.2,35.1,102.2,.5,1.0,2.0,6.0,.2,11.0,14.0,8.0,9.0,12.0,22.2,7.0,N
2.0,3.0,2.0,.0,2.0,4.0,2.0,.3,2.0,2.0,2.0,1.0,6.0,1.0,.0,7.0,.0,16.5,6.2,632.3,.0,25.0,.2,35.1,102.2,.5,1.0,2.0,6.0,.2,11.0,14.0,8.0,9.0,12.0,22.2,7.0,N
2.0,3.0,2.0,.0,2.0,4.0,2.0,.3,2.0,2.0,2.0,1.0,6.0,1.0,.0,7.0,.0,16.5,6.2,632.3,.0,25.0,.2,35.1,102.2,.5,1.0,2.0,6.0,.2,11.0,14.0,8.0,9.0,12.0,22.2,7.0,N
2.0,3.0,2.0,.0,2.0,4.0,2.0,.3,2.0,2.0,2.0,1.0,6.0,1.0,.0,7.0,.0,16.5,6.2,632.3,.0,25.0,.2,35.1,102.2,.5,1.0,2.0,6.0,.2,11.0,14.0,8.0,9.0,12.0,22.2,7.0,N
2.0,3.0,2.0,.0,2.0,4.0,2.0,.3,2.0,2.0,2.0,1.0,6.0,1.0,.0,7.0,.0,16.5,6.2,632.3,.0,25.0,.2,35.1,102.2,.5,1.0,2.0,6.0,.2,11.0,14.0,8.0,9.0,12.0,22.2,7.0,N
2.0,3.0,2.0,.0,2.0,4.0,2.0,.3,2.0,2.0,2.0,1.0,6.0,1.0,.0,7.0,.0,16.5,6.2,632.3,.0,25.0,.2,35.1,102.2,.5,1.0,2.0,6.0,.2,11.0,14.0,8.0,9.0,12.0,22.2,7.0,N
8.0,7.0,.0,2.0,14.0,10.0,4.0,.2,4.0,2.5,1.0,.3,11.0,3.0,.7,15.0,.0,17.0,14.7,3670.2,.1,52.0,.1,203.9,250.0,.8,3.0,5.0,9.0,.2,19.0,33.0,11.0,17.0,23.0,51.6,17.0,N
2.0,3.0,.0,.0,8.0,4.0,2.0,.2,2.0,2.0,1.0,.5,6.0,1.0,.0,9.0,.0,11.9,4.4,227.0,.0,15.0,.2,12.6,51.9,.5,1.0,2.0,6.0,.2,5.0,10.0,4.0,7.0,9.0,47.1,9.0,N
4.0,3.0,.0,.0,10.0,4.0,2.0,.3,2.0,2.0,1.0,.5,5.0,1.0,.0,8.0,.0,11.1,4.4,211.9,.0,14.0,.2,11.8,48.4,.5,1.0,2.0,5.0,.2,5.0,9.0,4.0,7.0,11.0,55.6,8.0,N
3.0,3.0,.0,.0,5.0,4.0,2.0,.3,2.0,2.0,1.0,.5,5.0,1.0,.0,8.0,.0,17.2,6.2,657.1,.0,25.0,.2,36.5,106.2,.5,1.0,2.0,5.0,.1,9.0,16.0,8.0,11.0,17.0,38.5,8.0,N
4.0,3.0,.0,.0,10.0,4.0,2.0,.3,2.0,2.0,1.0,.5,5.0,1.0,.0,8.0,.0,11.1,4.4,211.9,.0,14.0,.2,11.8,48.4,.5,1.0,2.0,5.0,.2,5.0,9.0,4.0,7.0,11.0,55.6,8.0,N
3.0,3.0,2.0,.0,2.0,4.0,2.0,.2,2.0,2.0,2.0,1.0,6.0,1.0,.0,9.0,.0,19.7,5.5,596.3,.0,26.0,.2,33.1,108.4,.5,1.0,2.0,6.0,.1,11.0,15.0,9.0,9.0,15.0,18.2,9.0,N
13.0,5.0,3.0,4.0,19.0,8.0,3.0,.2,4.0,2.0,2.0,.7,17.0,1.0,.0,13.0,.0,22.5,13.9,4371.1,.1,66.0,.1,242.8,313.8,.3,2.0,4.0,16.0,.1,30.0,36.0,14.0,13.0,50.0,63.9,17.0,N
9.0,17.0,4.0,.0,.0,32.0,9.0,.4,16.0,2.0,8.0,.9,34.0,1.0,.0,24.0,.0,30.5,11.7,4143.4,.1,74.0,.1,230.2,355.7,.1,8.0,16.0,27.0,.3,36.0,38.0,17.0,11.0,34.0,.0,24.0,N
16.0,7.0,3.0,.0,15.0,12.0,4.0,.2,6.0,2.0,3.0,.8,15.0,1.0,.0,25.0,.0,21.4,22.5,10795.4,.2,97.0,.0,599.7,480.6,.3,3.0,6.0,13.0,.1,37.0,60.0,14.0,17.0,57.0,37.5,25.0,N
82.0,43.0,12.0,6.0,100.0,74.0,23.0,.1,36.0,2.1,17.0,.7,117.0,15.0,.6,176.0,5.0,140.3,37.2,194194.6,1.7,696.0,.0,10788.6,5219.9,.7,19.0,37.0,96.0,.1,280.0,416.0,143.0,38.0,390.0,37.6,182.0,N
22.0,7.0,4.0,9.0,31.0,12.0,4.0,.1,6.0,2.0,3.0,.8,19.0,1.0,.0,32.0,6.0,45.5,16.4,12184.9,.3,130.0,.1,676.9,744.6,.3,3.0,6.0,17.0,.0,54.0,76.0,33.0,20.0,95.0,55.6,41.0,N
9.0,3.0,5.0,.0,12.0,4.0,2.0,.1,2.0,2.0,2.0,1.0,10.0,1.0,.0,18.0,1.0,35.5,10.3,3750.8,.1,70.0,.1,208.4,364.7,.5,1.0,2.0,10.0,.1,27.0,43.0,21.0,16.0,40.0,40.0,18.0,N
12.0,5.0,1.0,3.0,4.0,8.0,3.0,.2,4.0,2.0,2.0,.7,10.0,3.0,1.0,14.0,.0,15.8,13.8,3022.4,.1,46.0,.1,167.9,218.7,1.0,2.0,4.0,9.0,.1,19.0,27.0,11.0,16.0,34.0,33.3,17.0,N
14.0,7.0,4.0,4.0,21.0,10.0,4.0,.1,4.0,2.5,3.0,.8,16.0,3.0,.7,29.0,2.0,39.7,19.4,14882.3,.3,133.0,.1,826.8,768.9,.8,3.0,5.0,14.0,.0,50.0,83.0,31.0,24.0,95.0,46.3,33.0,N
38.0,35.0,4.0,5.0,70.0,58.0,18.0,.2,24.0,2.4,7.0,.4,67.0,13.0,.7,104.0,2.0,58.4,41.4,99929.8,.8,372.0,.0,5551.7,2415.0,.7,17.0,29.0,51.0,.1,150.0,222.0,58.0,32.0,218.0,41.9,109.0,N
39.0,23.0,10.0,4.0,58.0,40.0,12.0,.2,18.0,2.2,7.0,.6,49.0,5.0,.4,68.0,5.0,52.1,21.7,24543.7,.4,187.0,.1,1363.5,1130.3,.4,11.0,20.0,39.0,.1,76.0,111.0,42.0,24.0,177.0,47.7,72.0,N
19.0,7.0,3.0,4.0,16.0,12.0,4.0,.2,6.0,2.0,4.0,1.0,16.0,1.0,.0,21.0,.0,31.8,17.9,10140.6,.2,104.0,.1,563.4,567.8,.3,3.0,6.0,14.0,.1,47.0,57.0,25.0,19.0,84.0,48.8,25.0,N
25.0,15.0,7.0,6.0,39.0,28.0,8.0,.1,14.0,2.0,7.0,.9,46.0,1.0,.0,71.0,6.0,90.9,21.9,43721.4,.7,307.0,.1,2429.0,1993.0,.1,7.0,14.0,40.0,.1,108.0,199.0,64.0,26.0,142.0,38.8,77.0,Y
27.0,3.0,2.0,1.0,19.0,4.0,2.0,.1,2.0,2.0,2.0,1.0,7.0,1.0,.0,22.0,1.0,37.3,15.4,8872.4,.2,114.0,.1,492.9,575.1,.5,1.0,2.0,7.0,.0,54.0,60.0,21.0,12.0,70.0,47.6,23.0,Y
1.0,3.0,1.0,.0,.0,4.0,2.0,.2,2.0,2.0,2.0,1.0,6.0,1.0,.0,10.0,.0,10.8,7.0,527.0,.0,21.0,.1,29.3,75.3,.5,1.0,2.0,6.0,.2,7.0,14.0,4.0,8.0,12.0,.0,10.0,N
34.0,17.0,9.0,5.0,26.0,30.0,9.0,.1,14.0,2.1,7.0,.8,44.0,4.0,.4,66.0,5.0,76.0,29.0,63865.0,.7,342.0,.0,3548.1,2203.5,.4,8.0,15.0,37.0,.1,136.0,206.0,61.0,26.0,132.0,32.0,71.0,N
9.0,9.0,1.0,.0,17.0,12.0,5.0,.2,4.0,3.0,3.0,.6,13.0,5.0,1.0,22.0,2.0,35.1,12.6,5531.3,.2,84.0,.1,307.3,440.8,1.0,4.0,6.0,10.0,.1,31.0,53.0,21.0,17.0,49.0,43.6,22.0,Y
32.0,13.0,13.0,16.0,23.0,24.0,7.0,.1,12.0,2.0,7.0,1.0,38.0,1.0,.0,59.0,9.0,104.8,22.1,51324.9,.8,349.0,.1,2851.4,2318.7,.1,6.0,12.0,33.0,.1,126.0,223.0,74.0,26.0,138.0,39.8,75.0,Y
13.0,5.0,2.0,9.0,7.0,8.0,3.0,.1,4.0,2.0,3.0,1.0,10.0,1.0,.0,19.0,.0,37.6,9.8,3574.5,.1,74.0,.1,198.6,366.6,.3,2.0,4.0,9.0,.1,27.0,47.0,18.0,13.0,49.0,45.7,28.0,N
3.0,3.0,2.0,.0,.0,4.0,2.0,.1,2.0,2.0,1.0,.5,8.0,1.0,.0,19.0,2.0,24.7,10.6,2764.2,.1,57.0,.1,153.6,261.3,.5,1.0,2.0,8.0,.1,25.0,32.0,13.0,11.0,23.0,.0,19.0,N
6.0,3.0,1.0,1.0,6.0,4.0,2.0,.2,2.0,2.0,1.0,.5,6.0,1.0,.0,10.0,1.0,16.2,5.4,472.9,.0,23.0,.2,26.3,87.6,.5,1.0,2.0,6.0,.1,6.0,17.0,5.0,9.0,24.0,41.2,11.0,N
3.0,3.0,.0,.0,.0,4.0,2.0,.1,2.0,2.0,1.0,.5,6.0,1.0,.0,15.0,2.0,18.5,9.6,1717.2,.1,42.0,.1,95.4,178.4,.5,1.0,2.0,6.0,.1,14.0,28.0,8.0,11.0,19.0,.0,15.0,N
30.0,32.0,19.0,4.0,62.0,16.0,24.0,.3,4.0,4.0,19.0,.8,55.0,9.0,.4,89.0,3.0,54.7,47.6,123914.5,.9,402.0,.0,6884.1,2603.2,.4,6.0,8.0,33.0,.1,154.0,248.0,55.0,34.0,186.0,42.6,93.0,Y
6.0,3.0,3.0,4.0,15.0,4.0,2.0,.1,2.0,2.0,2.0,1.0,8.0,1.0,.0,10.0,3.0,16.2,10.6,1809.4,.1,39.0,.1,100.5,171.3,.5,1.0,2.0,8.0,.1,13.0,26.0,8.0,13.0,36.0,65.5,14.0,N
13.0,7.0,3.0,3.0,24.0,12.0,4.0,.1,6.0,2.0,4.0,1.0,16.0,1.0,.0,32.0,1.0,34.9,18.6,12037.1,.2,121.0,.1,668.7,648.3,.3,3.0,6.0,14.0,.1,43.0,78.0,22.0,19.0,73.0,45.8,35.0,Y
31.0,21.0,5.0,7.0,28.0,34.0,11.0,.1,14.0,2.4,9.0,.8,46.0,11.0,1.0,74.0,1.0,61.9,36.7,83581.4,.8,354.0,.0,4643.4,2274.9,1.0,10.0,17.0,37.0,.1,124.0,230.0,54.0,32.0,141.0,32.1,81.0,Y
12.0,11.0,5.0,1.0,16.0,20.0,6.0,.1,10.0,2.0,6.0,1.0,30.0,1.0,.0,44.0,3.0,46.9,18.9,16764.8,.3,152.0,.1,931.4,886.6,.2,5.0,10.0,26.0,.1,52.0,100.0,33.0,24.0,74.0,27.9,45.0,N
.0,3.0,.0,.0,.0,4.0,2.0,.1,2.0,2.0,1.0,.5,6.0,1.0,.0,15.0,2.0,42.9,6.9,2026.8,.1,62.0,.2,112.6,294.8,.5,1.0,2.0,6.0,.1,20.0,42.0,16.0,11.0,16.0,.0,15.0,N
51.0,35.0,10.0,9.0,73.0,62.0,18.0,.2,28.0,2.2,10.0,.6,75.0,9.0,.5,107.0,1.0,51.9,64.9,218524.9,1.1,516.0,.0,12140.3,3366.2,.5,17.0,31.0,59.0,.1,193.0,323.0,55.0,37.0,241.0,43.4,116.0,Y
2.0,3.0,1.0,2.0,.0,4.0,2.0,.1,2.0,2.0,2.0,1.0,6.0,1.0,.0,12.0,2.0,20.8,2.5,129.7,.0,15.0,.4,7.2,51.9,.5,1.0,2.0,6.0,.1,6.0,9.0,6.0,5.0,17.0,14.3,14.0,N
4.0,5.0,1.0,4.0,.0,8.0,3.0,.1,4.0,2.0,3.0,1.0,10.0,1.0,.0,17.0,2.0,34.3,2.8,264.4,.0,25.0,.4,14.7,95.2,.3,2.0,4.0,9.0,.1,10.0,15.0,9.0,5.0,26.0,19.1,21.0,N
.0,7.0,.0,.0,.0,12.0,4.0,.2,6.0,2.0,1.0,.3,14.0,3.0,.7,17.0,2.0,10.6,10.1,1086.5,.0,29.0,.1,60.4,107.3,.8,3.0,6.0,12.0,.2,9.0,20.0,4.0,9.0,18.0,.0,17.0,N
3.0,11.0,.0,.0,.0,16.0,6.0,.4,6.0,2.7,1.0,.2,18.0,4.0,.6,15.0,2.0,7.5,30.8,7065.2,.1,54.0,.0,392.5,229.4,.7,5.0,8.0,14.0,.3,22.0,32.0,5.0,14.0,19.0,.0,15.0,N
3.0,3.0,.0,.0,.0,4.0,2.0,.1,2.0,2.0,1.0,.5,5.0,1.0,.0,14.0,2.0,11.9,9.0,959.5,.0,28.0,.1,53.3,106.6,.5,1.0,2.0,5.0,.1,10.0,18.0,5.0,9.0,18.0,.0,14.0,N
2.0,3.0,.0,.0,.0,4.0,2.0,.2,2.0,2.0,1.0,.5,5.0,1.0,.0,10.0,1.0,6.9,8.0,442.8,.0,16.0,.1,24.6,55.4,.5,1.0,2.0,5.0,.2,6.0,10.0,3.0,8.0,13.0,.0,10.0,N
25.0,25.0,6.0,6.0,15.0,42.0,13.0,.2,18.0,2.3,9.0,.7,59.0,7.0,.5,70.0,1.0,80.8,26.6,57176.9,.7,343.0,.0,3176.5,2149.5,.5,12.0,23.0,48.0,.1,133.0,210.0,55.0,22.0,117.0,23.1,76.0,N
5.0,7.0,3.0,3.0,2.0,12.0,4.0,.2,6.0,2.0,4.0,1.0,17.0,1.0,.0,24.0,2.0,26.3,16.0,6737.7,.1,85.0,.1,374.3,421.1,.3,3.0,6.0,15.0,.1,30.0,55.0,15.0,16.0,35.0,17.2,27.0,N
15.0,5.0,1.0,7.0,9.0,8.0,3.0,.2,4.0,2.0,2.0,.7,10.0,1.0,.0,12.0,1.0,29.0,18.1,9514.4,.2,106.0,.1,528.6,525.1,.3,2.0,4.0,9.0,.1,44.0,62.0,17.0,14.0,44.0,57.1,19.0,N
6.0,3.0,.0,2.0,2.0,4.0,2.0,.2,2.0,2.0,1.0,.5,5.0,1.0,.0,9.0,1.0,13.8,13.5,2508.9,.1,43.0,.1,139.4,185.8,.5,1.0,2.0,5.0,.1,18.0,25.0,8.0,12.0,20.0,30.8,11.0,N
5.0,3.0,.0,2.0,2.0,4.0,2.0,.2,2.0,2.0,1.0,.5,5.0,1.0,.0,9.0,2.0,13.6,17.1,3972.0,.1,53.0,.1,220.7,232.8,.5,1.0,2.0,5.0,.1,21.0,32.0,8.0,13.0,19.0,30.8,11.0,N
10.0,13.0,.0,15.0,2.0,22.0,7.0,.3,10.0,2.2,1.0,.1,23.0,1.0,.0,8.0,4.0,21.3,16.3,5681.3,.1,74.0,.1,315.6,347.8,.1,6.0,11.0,18.0,.2,28.0,46.0,12.0,14.0,36.0,68.0,23.0,N
14.0,5.0,4.0,1.0,9.0,8.0,3.0,.2,4.0,2.0,3.0,1.0,13.0,1.0,.0,19.0,1.0,35.6,10.1,3640.0,.1,72.0,.1,202.2,360.0,.3,2.0,4.0,12.0,.1,26.0,46.0,18.0,14.0,44.0,34.5,20.0,N
35.0,31.0,9.0,28.0,17.0,52.0,16.0,.2,22.0,2.4,11.0,.7,68.0,10.0,.6,76.0,5.0,108.4,33.9,124313.2,1.2,526.0,.0,6906.3,3670.1,.6,15.0,26.0,54.0,.1,199.0,327.0,94.0,32.0,157.0,37.2,104.0,N
6.0,5.0,1.0,7.0,2.0,8.0,3.0,.2,4.0,2.0,2.0,.7,11.0,1.0,.0,8.0,.0,17.7,10.7,2014.6,.1,43.0,.1,111.9,188.9,.3,2.0,4.0,10.0,.1,16.0,27.0,9.0,12.0,24.0,52.9,15.0,N
17.0,9.0,4.0,8.0,19.0,16.0,5.0,.1,8.0,2.0,4.0,.8,23.0,1.0,.0,27.0,.0,42.9,20.7,18381.8,.3,159.0,.1,1021.2,888.0,.2,4.0,8.0,20.0,.1,45.0,114.0,25.0,23.0,72.0,50.0,35.0,N
16.0,5.0,1.0,10.0,7.0,8.0,3.0,.1,4.0,2.0,2.0,.7,11.0,1.0,.0,20.0,1.0,37.7,30.2,34384.4,.4,205.0,.0,1910.2,1138.7,.3,2.0,4.0,10.0,.1,89.0,116.0,28.0,19.0,54.0,46.0,30.0,N
11.0,11.0,1.0,14.0,5.0,20.0,6.0,.2,10.0,2.0,2.0,.3,26.0,1.0,.0,27.0,1.0,48.6,33.5,54539.1,.5,279.0,.0,3030.0,1627.4,.2,5.0,10.0,22.0,.1,124.0,155.0,37.0,20.0,58.0,41.3,41.0,N
81.0,162.0,8.0,80.0,165.0,248.0,96.0,.2,118.0,2.1,63.0,.7,345.0,27.0,.3,423.0,3.0,131.7,126.6,2109679.5,5.6,2027.0,.0,117204.4,16670.1,.3,65.0,124.0,251.0,.1,798.0,1229.0,227.0,72.0,750.0,36.7,503.0,N
20.0,7.0,2.0,2.0,2.0,12.0,4.0,.3,6.0,2.0,3.0,.8,12.0,1.0,.0,10.0,1.0,19.2,5.7,622.2,.0,28.0,.2,34.6,109.4,.3,3.0,6.0,10.0,.1,13.0,15.0,8.0,7.0,35.0,28.6,12.0,N
115.0,31.0,3.0,35.0,12.0,60.0,16.0,.2,30.0,2.0,3.0,.2,67.0,10.0,.6,49.0,1.0,83.8,31.1,80843.1,.9,399.0,.0,4491.3,2602.9,.6,15.0,30.0,53.0,.1,176.0,223.0,68.0,24.0,212.0,49.0,84.0,N
156.0,63.0,5.0,53.0,27.0,116.0,32.0,.2,54.0,2.2,10.0,.3,129.0,12.0,.4,85.0,1.0,78.3,51.5,207526.2,1.3,589.0,.0,11529.2,4032.0,.4,31.0,58.0,99.0,.1,267.0,322.0,83.0,32.0,330.0,48.5,138.0,N
48.0,57.0,11.0,61.0,32.0,106.0,29.0,.1,50.0,2.1,22.0,.8,161.0,27.0,.9,165.0,3.0,204.3,41.7,355647.9,2.8,1112.0,.0,19758.2,8523.9,.9,28.0,53.0,134.0,.1,463.0,649.0,172.0,31.0,307.0,36.1,226.0,N
17.0,21.0,5.0,6.0,8.0,38.0,11.0,.2,18.0,2.1,10.0,.9,44.0,7.0,.6,61.0,3.0,87.9,17.2,26010.7,.5,253.0,.1,1445.0,1512.3,.6,10.0,19.0,35.0,.1,86.0,167.0,45.0,18.0,93.0,18.7,67.0,N
74.0,23.0,10.0,30.0,18.0,42.0,12.0,.1,20.0,2.1,10.0,.8,64.0,3.0,.2,63.0,3.0,85.7,38.2,125251.6,1.1,487.0,.0,6958.4,3276.5,.3,11.0,21.0,54.0,.1,203.0,284.0,77.0,29.0,186.0,43.2,93.0,N
33.0,5.0,4.0,8.0,4.0,8.0,3.0,.1,4.0,2.0,3.0,1.0,14.0,1.0,.0,16.0,3.0,28.2,15.2,6475.1,.1,82.0,.1,359.7,427.2,.3,2.0,4.0,13.0,.1,32.0,50.0,19.0,18.0,62.0,42.9,24.0,N
4.0,7.0,1.0,3.0,.0,12.0,4.0,.2,6.0,2.0,4.0,1.0,25.0,1.0,.0,19.0,2.0,40.0,18.3,13377.2,.2,134.0,.1,743.2,731.6,.3,3.0,6.0,23.0,.2,64.0,70.0,28.0,16.0,27.0,13.6,22.0,N
4.0,11.0,1.0,3.0,.0,20.0,6.0,.2,10.0,2.0,6.0,1.0,38.0,1.0,.0,25.0,2.0,42.4,23.7,23858.8,.3,182.0,.0,1325.5,1005.3,.2,5.0,10.0,34.0,.2,89.0,93.0,30.0,16.0,33.0,10.7,28.0,N
1.0,9.0,1.0,1.0,.0,16.0,5.0,.1,8.0,2.0,5.0,1.0,32.0,1.0,.0,35.0,1.0,110.2,10.1,11259.3,.4,191.0,.1,625.5,1114.1,.2,4.0,8.0,29.0,.1,95.0,96.0,47.0,10.0,38.0,2.8,36.0,N
5.0,9.0,1.0,2.0,.0,16.0,5.0,.2,8.0,2.0,4.0,.8,24.0,1.0,.0,25.0,1.0,27.4,20.2,11135.5,.2,100.0,.1,618.6,552.4,.2,4.0,8.0,21.0,.2,48.0,52.0,25.0,21.0,33.0,7.4,27.0,N
2.0,9.0,2.0,1.0,.0,16.0,5.0,.2,8.0,2.0,5.0,1.0,41.0,1.0,.0,30.0,1.0,78.0,13.6,14437.6,.4,189.0,.1,802.1,1061.2,.2,4.0,8.0,38.0,.2,94.0,95.0,38.0,11.0,34.0,3.2,31.0,N
1.0,3.0,1.0,1.0,.0,4.0,2.0,.1,2.0,2.0,2.0,1.0,16.0,1.0,.0,17.0,1.0,54.5,9.3,4686.5,.2,103.0,.1,260.4,505.4,.5,1.0,2.0,16.0,.1,51.0,52.0,22.0,8.0,20.0,5.6,18.0,N
1.0,7.0,1.0,1.0,.0,12.0,4.0,.3,6.0,2.0,4.0,1.0,20.0,1.0,.0,15.0,1.0,20.5,13.1,3491.3,.1,55.0,.1,194.0,267.2,.3,3.0,6.0,18.0,.2,28.0,27.0,15.0,14.0,18.0,6.3,16.0,N
1.0,16.0,1.0,1.0,.0,8.0,13.0,.3,4.0,2.0,13.0,1.0,36.0,1.0,.0,49.0,1.0,35.9,21.5,16649.1,.3,132.0,.1,925.0,773.3,.1,2.0,4.0,25.0,.3,53.0,79.0,32.0,26.0,52.0,2.0,50.0,N
1.0,18.0,1.0,1.0,.0,12.0,14.0,.3,6.0,2.0,14.0,1.0,39.0,1.0,.0,52.0,1.0,36.6,23.0,19394.6,.3,142.0,.0,1077.5,842.2,.1,3.0,6.0,27.0,.3,58.0,84.0,34.0,27.0,55.0,1.9,53.0,N
4.0,13.0,2.0,1.0,.0,24.0,7.0,.2,12.0,2.0,7.0,1.0,47.0,1.0,.0,42.0,1.0,160.8,10.2,16586.0,.5,263.0,.1,921.5,1633.1,.1,6.0,12.0,42.0,.2,130.0,133.0,64.0,10.0,48.0,2.3,43.0,N
16.0,25.0,5.0,5.0,8.0,42.0,13.0,.2,18.0,2.3,10.0,.8,48.0,9.0,.7,62.0,3.0,84.9,18.8,29993.0,.5,265.0,.1,1666.3,1595.9,.7,12.0,23.0,37.0,.1,91.0,174.0,46.0,19.0,92.0,17.3,67.0,N
40.0,25.0,10.0,30.0,19.0,46.0,13.0,.1,22.0,2.1,10.0,.8,69.0,3.0,.2,65.0,3.0,83.8,41.7,145477.4,1.2,514.0,.0,8082.1,3492.3,.2,12.0,23.0,58.0,.1,215.0,299.0,80.0,31.0,155.0,43.0,95.0,N
77.0,33.0,9.0,25.0,15.0,62.0,17.0,.2,30.0,2.1,11.0,.7,87.0,9.0,.5,75.0,3.0,88.2,36.0,114516.6,1.1,465.0,.0,6362.0,3177.3,.5,16.0,31.0,72.0,.1,193.0,272.0,83.0,31.0,201.0,34.8,100.0,N
4.0,3.0,1.0,4.0,.0,4.0,2.0,.1,2.0,2.0,1.0,.5,6.0,1.0,.0,10.0,.0,23.6,12.5,3685.0,.1,62.0,.1,204.7,294.8,.5,1.0,2.0,6.0,.1,20.0,42.0,12.0,15.0,19.0,28.6,14.0,N
4.0,3.0,1.0,2.0,6.0,4.0,2.0,.3,2.0,2.0,2.0,1.0,5.0,1.0,.0,6.0,.0,17.9,6.3,707.7,.0,27.0,.2,39.3,112.6,.5,1.0,2.0,5.0,.1,8.0,19.0,7.0,11.0,19.0,57.1,8.0,N
4.0,3.0,1.0,2.0,6.0,4.0,2.0,.3,2.0,2.0,2.0,1.0,5.0,1.0,.0,6.0,.0,17.9,6.3,707.7,.0,27.0,.2,39.3,112.6,.5,1.0,2.0,5.0,.1,8.0,19.0,7.0,11.0,19.0,57.1,8.0,N
7.0,3.0,1.0,.0,7.0,4.0,2.0,.1,2.0,2.0,1.0,.5,7.0,1.0,.0,15.0,1.0,17.2,10.6,1950.7,.1,40.0,.1,108.4,183.4,.5,1.0,2.0,7.0,.1,18.0,22.0,11.0,13.0,30.0,31.8,15.0,N
3.0,3.0,1.0,2.0,5.0,4.0,2.0,.2,2.0,2.0,1.0,.5,7.0,1.0,.0,9.0,1.0,17.1,10.0,1713.0,.1,39.0,.1,95.2,171.3,.5,1.0,2.0,7.0,.1,15.0,24.0,9.0,12.0,20.0,43.8,11.0,N
27.0,13.0,4.0,4.0,33.0,6.0,10.0,.2,2.0,3.0,4.0,.4,25.0,4.0,.3,38.0,3.0,32.0,26.1,21802.3,.3,142.0,.0,1211.2,835.3,.4,2.0,3.0,17.0,.1,54.0,88.0,30.0,29.0,103.0,49.3,42.0,N
6.0,11.0,.0,2.0,2.0,16.0,6.0,.4,6.0,2.7,1.0,.2,18.0,5.0,.8,14.0,2.0,15.8,17.6,4880.9,.1,59.0,.1,271.2,277.3,.8,5.0,8.0,14.0,.2,22.0,37.0,10.0,16.0,25.0,22.2,16.0,N
20.0,21.0,2.0,7.0,14.0,22.0,13.0,.2,10.0,2.2,2.0,.2,44.0,3.0,.2,47.0,2.0,31.0,27.9,24047.2,.3,150.0,.0,1336.0,863.2,.2,6.0,11.0,33.0,.2,60.0,90.0,28.0,26.0,89.0,30.9,54.0,N
4.0,3.0,.0,.0,1.0,4.0,2.0,.2,2.0,2.0,1.0,.5,5.0,1.0,.0,11.0,2.0,20.5,6.1,765.9,.0,29.0,.2,42.6,125.3,.5,1.0,2.0,5.0,.1,10.0,19.0,9.0,11.0,17.0,8.3,11.0,N
5.0,3.0,.0,.0,2.0,4.0,2.0,.2,2.0,2.0,1.0,.5,5.0,1.0,.0,11.0,2.0,19.8,6.1,739.5,.0,28.0,.2,41.1,121.0,.5,1.0,2.0,5.0,.1,10.0,18.0,9.0,11.0,19.0,15.4,11.0,N
3.0,3.0,1.0,1.0,2.0,4.0,2.0,.2,2.0,2.0,1.0,.5,6.0,1.0,.0,11.0,1.0,14.8,9.6,1373.5,.1,32.0,.1,76.3,142.7,.5,1.0,2.0,6.0,.1,11.0,21.0,8.0,14.0,18.0,21.4,12.0,N
7.0,7.0,1.0,3.0,7.0,12.0,4.0,.2,6.0,2.0,4.0,1.0,14.0,4.0,1.0,21.0,1.0,46.9,10.5,5170.3,.2,96.0,.1,287.2,492.4,1.0,3.0,6.0,12.0,.1,28.0,68.0,20.0,15.0,39.0,32.3,24.0,N
12.0,5.0,3.0,2.0,22.0,8.0,3.0,.1,4.0,2.0,1.0,.3,12.0,1.0,.0,19.0,2.0,45.6,9.6,4237.5,.2,85.0,.1,235.4,439.4,.3,2.0,4.0,11.0,.1,27.0,58.0,21.0,15.0,56.0,55.8,21.0,Y
7.0,7.0,1.0,1.0,5.0,12.0,4.0,.2,6.0,2.0,4.0,1.0,14.0,4.0,1.0,23.0,1.0,46.9,10.5,5170.3,.2,96.0,.1,287.2,492.4,1.0,3.0,6.0,12.0,.1,28.0,68.0,20.0,15.0,37.0,20.7,24.0,N
14.0,5.0,1.0,3.0,34.0,8.0,3.0,.1,4.0,2.0,3.0,1.0,11.0,1.0,.0,18.0,2.0,31.4,9.5,2815.2,.1,60.0,.1,156.4,297.3,.3,2.0,4.0,10.0,.0,23.0,37.0,17.0,14.0,70.0,67.3,21.0,Y
10.0,5.0,2.0,3.0,11.0,8.0,3.0,.1,4.0,2.0,3.0,1.0,10.0,1.0,.0,22.0,2.0,39.7,11.1,4871.4,.2,81.0,.1,270.6,439.5,.3,2.0,4.0,9.0,.1,28.0,53.0,24.0,19.0,47.0,38.9,25.0,Y
8.0,5.0,2.0,2.0,19.0,8.0,3.0,.1,4.0,2.0,3.0,1.0,10.0,1.0,.0,20.0,1.0,31.5,10.5,3474.2,.1,64.0,.1,193.0,330.9,.3,2.0,4.0,9.0,.1,21.0,43.0,18.0,18.0,50.0,51.2,22.0,Y
.0,5.0,2.0,2.0,.0,8.0,3.0,.2,4.0,2.0,3.0,1.0,12.0,1.0,.0,13.0,2.0,22.4,7.3,1204.4,.1,38.0,.1,66.9,164.2,.3,2.0,4.0,11.0,.2,12.0,26.0,9.0,11.0,16.0,13.3,15.0,Y
.0,5.0,2.0,.0,.0,8.0,3.0,.2,4.0,2.0,3.0,1.0,10.0,1.0,.0,13.0,1.0,33.1,7.3,1746.7,.1,49.0,.1,97.0,240.4,.3,2.0,4.0,9.0,.2,19.0,30.0,17.0,13.0,14.0,.0,13.0,N
.0,5.0,2.0,.0,.0,8.0,3.0,.1,4.0,2.0,3.0,1.0,12.0,1.0,.0,21.0,1.0,34.6,10.9,4129.4,.1,72.0,.1,229.4,377.9,.3,2.0,4.0,11.0,.1,27.0,45.0,21.0,17.0,22.0,.0,21.0,N
10.0,15.0,6.0,2.0,31.0,26.0,8.0,.2,12.0,2.2,7.0,.9,32.0,4.0,.4,44.0,1.0,74.4,13.1,12685.8,.3,159.0,.1,704.8,971.3,.5,7.0,13.0,26.0,.1,64.0,95.0,49.0,20.0,88.0,42.9,46.0,Y
4.0,35.0,5.0,4.0,18.0,64.0,18.0,.2,30.0,2.1,16.0,.9,80.0,7.0,.4,91.0,2.0,195.1,21.4,89412.4,1.4,591.0,.1,4967.4,4176.1,.4,17.0,32.0,64.0,.2,218.0,373.0,112.0,22.0,118.0,19.5,95.0,Y
.0,5.0,2.0,.0,.0,8.0,3.0,.1,4.0,2.0,3.0,1.0,12.0,1.0,.0,21.0,1.0,36.5,10.4,3969.8,.1,72.0,.1,220.6,380.6,.3,2.0,4.0,11.0,.1,27.0,45.0,22.0,17.0,22.0,.0,21.0,N
.0,7.0,3.0,.0,.0,10.0,4.0,.2,4.0,2.5,3.0,.8,15.0,4.0,1.0,22.0,1.0,41.7,12.8,6780.1,.2,98.0,.1,376.7,531.8,1.0,3.0,5.0,13.0,.2,39.0,59.0,26.0,17.0,23.0,.0,22.0,N
2.0,15.0,2.0,1.0,9.0,24.0,8.0,.2,10.0,2.4,6.0,.8,24.0,6.0,.7,41.0,4.0,75.2,14.8,16481.4,.4,187.0,.1,915.6,1113.4,.8,7.0,12.0,18.0,.2,67.0,120.0,43.0,19.0,54.0,19.6,42.0,N
2.0,5.0,2.0,2.0,13.0,8.0,3.0,.1,4.0,2.0,3.0,1.0,14.0,1.0,.0,47.0,1.0,55.9,28.0,43785.9,.5,256.0,.0,2432.6,1563.8,.3,2.0,4.0,13.0,.1,112.0,144.0,46.0,23.0,65.0,24.2,49.0,Y
5.0,7.0,1.0,.0,.0,10.0,4.0,.2,4.0,2.5,2.0,.5,12.0,3.0,.7,22.0,.0,21.1,14.8,4591.9,.1,64.0,.1,255.1,310.9,.8,3.0,5.0,10.0,.1,24.0,40.0,13.0,16.0,28.0,.0,22.0,N
4.0,7.0,2.0,1.0,7.0,10.0,4.0,.2,4.0,2.5,3.0,.8,14.0,3.0,.7,24.0,1.0,30.7,19.1,11241.6,.2,107.0,.1,624.5,587.6,.8,3.0,5.0,12.0,.1,40.0,67.0,23.0,22.0,37.0,25.0,25.0,Y
35.0,21.0,9.0,9.0,59.0,36.0,11.0,.1,16.0,2.3,10.0,.9,64.0,3.0,.2,82.0,3.0,70.6,44.7,141084.2,1.1,475.0,.0,7838.0,3155.8,.3,10.0,18.0,55.0,.1,190.0,285.0,68.0,32.0,186.0,45.3,91.0,Y
4.0,3.0,2.0,1.0,12.0,4.0,2.0,.2,2.0,2.0,1.0,.5,7.0,1.0,.0,10.0,1.0,23.1,6.5,977.7,.1,32.0,.2,54.3,150.4,.5,1.0,2.0,7.0,.1,13.0,19.0,13.0,13.0,28.0,56.5,11.0,Y
.0,11.0,3.0,2.0,7.0,18.0,6.0,.2,8.0,2.3,5.0,.8,20.0,5.0,.8,28.0,1.0,33.2,15.9,8407.1,.2,98.0,.1,467.1,528.5,.8,5.0,9.0,16.0,.2,35.0,63.0,22.0,20.0,38.0,24.3,30.0,Y
14.0,9.0,2.0,5.0,1.0,16.0,5.0,.2,8.0,2.0,5.0,1.0,21.0,4.0,.8,28.0,2.0,18.7,21.5,8684.6,.1,83.0,.1,482.5,403.2,.8,4.0,8.0,18.0,.1,35.0,48.0,13.0,16.0,49.0,17.7,33.0,N
5.0,3.0,1.0,.0,.0,4.0,2.0,.2,2.0,2.0,2.0,1.0,7.0,1.0,.0,10.0,1.0,10.4,6.8,474.6,.0,19.0,.2,26.4,70.3,.5,1.0,2.0,7.0,.1,6.0,13.0,4.0,9.0,16.0,.0,10.0,N
12.0,19.0,2.0,.0,.0,36.0,10.0,.2,18.0,2.0,9.0,.9,47.0,10.0,1.0,50.0,2.0,65.4,11.2,8218.6,.2,136.0,.1,456.6,733.4,1.0,9.0,18.0,39.0,.2,50.0,86.0,29.0,13.0,63.0,.0,50.0,N
8.0,19.0,6.0,1.0,.0,32.0,10.0,.3,14.0,2.3,8.0,.8,40.0,10.0,1.0,29.0,2.0,31.3,20.4,13084.4,.2,118.0,.1,726.9,640.3,1.0,9.0,16.0,32.0,.3,47.0,71.0,23.0,20.0,39.0,3.3,30.0,N
12.0,19.0,2.0,.0,.0,36.0,10.0,.2,18.0,2.0,9.0,.9,47.0,10.0,1.0,50.0,2.0,74.6,10.2,7697.2,.3,138.0,.1,427.6,757.9,1.0,9.0,18.0,39.0,.2,50.0,88.0,32.0,13.0,63.0,.0,50.0,N
7.0,5.0,1.0,2.0,.0,8.0,3.0,.1,4.0,2.0,2.0,.7,10.0,1.0,.0,22.0,2.0,56.0,7.2,2931.9,.1,81.0,.1,162.9,405.0,.3,2.0,4.0,9.0,.1,37.0,44.0,23.0,9.0,32.0,8.3,24.0,N
5.0,11.0,3.0,2.0,3.0,18.0,6.0,.3,8.0,2.3,5.0,.8,21.0,4.0,.6,18.0,1.0,26.4,12.1,3845.7,.1,67.0,.1,213.7,318.6,.7,5.0,9.0,17.0,.2,26.0,41.0,14.0,13.0,29.0,21.7,20.0,N
3.0,5.0,1.0,.0,.0,8.0,3.0,.3,4.0,2.0,2.0,.7,10.0,1.0,.0,12.0,2.0,15.2,12.0,2191.9,.1,43.0,.1,121.8,182.7,.3,2.0,4.0,9.0,.2,14.0,29.0,7.0,12.0,16.0,.0,12.0,N
17.0,21.0,4.0,1.0,8.0,36.0,11.0,.3,16.0,2.3,5.0,.5,43.0,7.0,.6,41.0,5.0,42.2,35.9,54431.2,.5,241.0,.0,3024.0,1514.8,.6,10.0,18.0,34.0,.2,98.0,143.0,45.0,33.0,68.0,18.0,42.0,N
16.0,13.0,6.0,.0,5.0,24.0,7.0,.1,12.0,2.0,6.0,.9,31.0,1.0,.0,59.0,4.0,95.6,31.4,94278.1,1.0,449.0,.0,5237.7,3002.2,.1,6.0,12.0,26.0,.1,186.0,263.0,77.0,26.0,81.0,7.8,59.0,N
11.0,9.0,6.0,.0,4.0,16.0,5.0,.1,8.0,2.0,5.0,1.0,24.0,1.0,.0,42.0,1.0,66.6,18.5,22884.2,.4,209.0,.1,1271.3,1234.5,.2,4.0,8.0,21.0,.1,80.0,129.0,41.0,19.0,58.0,8.7,42.0,N
1.0,3.0,.0,.0,.0,4.0,2.0,.2,2.0,2.0,1.0,.5,5.0,1.0,.0,9.0,2.0,14.8,3.5,181.6,.0,15.0,.3,10.1,51.9,.5,1.0,2.0,5.0,.2,4.0,11.0,4.0,7.0,11.0,.0,9.0,N
10.0,13.0,6.0,1.0,16.0,24.0,7.0,.2,12.0,2.0,5.0,.7,29.0,1.0,.0,39.0,5.0,29.5,36.3,38771.2,.4,185.0,.0,2154.0,1069.6,.1,6.0,12.0,24.0,.1,65.0,120.0,26.0,29.0,67.0,30.4,40.0,N
